,Wild Lifespan,Gene(s),Mutant Lifespan
0,13.6,hif-1,16.1
1,14.0,egl-9,14.5
2,14.0,pha-4,12.5
3,14.4,ire-1,10.0
4,14.9,xbp-1,13.5
5,12.5,rsks-1,15.0
6,13.6,aakg-4,12.9
7,12.8,aak-2,10.2
8,12.8,glp-1,11.1
9,23.8,daf-18,19.5
10,23.8,pptr-1,22.8
11,13.5,nhr-80,12.0
12,19.5,cyc-1,30.0
13,13.0,fat-2,15.5
14,19.9,tcer-1,18.7
15,19.9,daf-16,16.7
16,21.4,daf-2,34.6
17,20.96,eat-2,26.71
18,14.58,nhr-62,17.49
19,14.9,isp-1,22.2
20,20.44,rrf-3,19.53
21,20.44,rrf-3;daf-2,38.62
22,13.8,rrf-3;skn-1,7.2
23,13.8,sgk-1,22.6
24,16.33,akt-1,25.99
25,16.33,akt-2,18.0
26,16.33,sir-2.1,21.33
27,16.33,rrf-1,17.05
28,23.3,daf-16;daf-2,17.0
29,24.5,daf-2;skn-1,19.9
30,11.5,fat-5,13.9
31,14.1,eak-7,18.1
32,14.2,elt-3,12.6
33,18.7,wwp-1,23.1
34,16.87,daf-3,15.93
35,18.99,daf-5,14.71
36,18.99,daf-2;daf-3,49.86
37,19.02,mev-1,14.36
38,19.02,gas-1,19.27
39,16.56,clk-1,33.04
40,16.56,skn-1,17.86
41,17.48,nhr-49,16.22
42,17.48,nhr-8,17.53
43,17.48,aha-1,16.69
44,17.48,ahr-1,16.16
45,17.48,pgp-3,17.16
46,19.69,hsf-1,17.85
47,19.02,rde-1,20.01
48,20.91,daf-22,20.34
49,18.7,hcf-1,20.6
50,18.5,hsb -1,29.6
51,16.8,ddl-1,22.3
52,13.05,ddr-2,13.04
53,17.41,sams-1,16.1
54,18.76,rab-10,16.59
55,12.0,age-1;fer-15,24.0
56,14.69,npr-1,16.2
57,14.69,gcy-35;npr-1,20.24
58,13.85,daf-16;npr-1,16.03
59,14.7,akt-1;akt-2,17.5
60,18.7,trpa-1,23.8
61,15.35,cmk-1,16.42
62,19.65,unc-43,19.31
63,19.33,jnk-1,15.77
64,20.55,pkc-2,16.66
65,10.2,vang-1,14.3
66,17.3,sea-2,20.1
67,17.3,sea-2;daf-2,36.7
68,20.9,daf-9,27.7
69,12.6,daf-15; dpy-20,16.4
70,17.39,mdl-1,26.6
71,17.39,mxl-1,24.5
72,13.5,mxl-2,14.2
73,20.0,mxl-1;daf-2,65.0
74,12.67,rrf-3;daf-16,10.25
75,17.1,hlh-30,17.1
76,19.6,cco-1,30.3
77,15.3,daf-1,40.9
78,15.3,osm-5,21.5
79,23.6,ifg-1,29.0
80,16.5,mes-1,24.8
81,19.2,LPL-4,24.0
82,11.3,daf-10,16.3
83,10.5,osm-3,12.9
84,12.4,pmk-1,12.4
85,20.7,daf-28,23.4
86,11.77,ins-7,16.66
87,11.77,ins-7; ins-18,13.54
88,16.0,ins-18,18.0
89,17.27,nsy-1,14.96
90,17.27,pmk-3,16.52
91,17.27,sek-1,17.74
92,17.27,tir-1,17.73
93,21.5,flr-4,30.16
94,13.0,gld-1,15.7
95,14.05,glp-4,16.35
96,22.8,vhl-1,30.0
97,23.2,age-1,32.1
98,23.2,old-1,28.0
99,17.0,pdk-1,27.0
100,12.0,sqt-1; age-1,18.0
101,22.0,npl-7,18.8
102,22.0,cup-4,18.0
103,15.9,oga-1,20.9
104,15.9,ogt-1,12.9
105,22.3,osm-9,23.0
106,17.47,osm-9; ocr-2,26.0
107,15.4,shc-1,10.8
108,22.93,daf-16; skn-1,18.65
109,23.96,kri-1,23.13
110,17.2,aak-1,16.5
111,17.2,aak-1; aak-2,14.6
112,17.2,par-4,16.6
113,16.4,sad-1,15.8
114,16.4,kin-29,12.1
115,16.4,mml-1,15.2
116,18.4,frh-1,23.1
117,18.4,bec-1,9.9
118,16.5,pmq-1,15.36
119,22.43,eif-1,28.16
120,22.28,eif-1A,26.84
121,23.55,daf-16;skn-1,16.91
122,10.0,ets-4,11.6
123,14.3,aakb-1,12.6
124,9.9,daf-2;aakg-4,18.2
125,20.49,ceh-23,20.91
126,16.66,atm-1,21.33
127,17.33,egl-1,14.33
128,15.0,cep-1,17.66
129,20.0,mxl-3,28.0
130,16.2,unc-64,40.3
131,17.6,unc-13,35.7
132,17.6,unc-13; daf-16,21.6
133,17.6,unc-13;daf-16,23.9
134,17.5,fer-15;fem-1,21.3
135,19.8,eat-2;rrf-3,19.3
136,21.4,daf-15;unc-24,23.5
137,17.5,daf-2;fer-15;fem-1,28.4
138,14.6,daf-2;rsks-1,50.51
139,17.33,tax-6,20.0
140,19.9,daf-12,17.6
141,20.8,nuo-6,33.9
142,14.9,clk-3,20.4
143,14.9,gro-1,19.2
144,18.9,atfs-1,19.1
145,19.5,drp-1,21.3
146,13.0,ins-6,14.5
147,14.7,daf-2;daf-16,10.1
148,19.89,daf-7,19.97
149,19.7,daf-2; rsks-1,47.0
150,17.15,cep-1;isp-1,22.55
151,17.15,cep-1;mev-1,15.78
152,21.8,sod-1,32.6
153,18.46,ced-4,17.98
154,20.44,ced-13,21.44
155,20.19,isp-1;ced-4,25.97
156,19.48,nuo-6;ced-4,31.34
157,18.88,rrf3,21.7
158,12.56,eak-3,11.84
159,12.7,eak-4,12.9
160,12.7,eak-6,12.9
161,15.03,isp-1;ctb-1,24.55
162,24.0,unc-31,35.0
163,13.6,pep-2,14.2
164,14.0,tub-1,16.8
165,14.6,lin-14,18.7
166,16.0,lin-4,6.8
167,16.67,ifta-2,23.26
168,16.7,gpa-1,20.4
169,16.7,gpa-11,17.5
170,18.0,odr-3,19.9
171,17.2,Ce-atg7,17.2
172,18.2,par-5,15.6
173,18.2,ife-2,22.4
174,11.6,let-363,13.4
175,18.2,rskn-1,19.8
176,18.2,mnk-1,13.9
177,20.7,rpn-1,13.8
178,20.7,rpn-3,13.2
179,20.7,rpn-6,14.1
180,20.7,rpn-7,13.1
181,20.7,rpn-8,13.4
182,20.7,rpn-9,13.7
183,20.7,rpn-10,18.1
184,20.7,rpn-11,13.6
185,20.7,rpn-12,19.0
186,20.7,rpt-1,13.2
187,20.7,rpt-4,13.1
188,20.7,rpt-5,12.7
189,20.7,rpt-6,12.8
190,20.7,pas-1,20.0
191,20.7,pas-5,13.5
192,20.7,pas-6,14.1
193,20.7,pas-7,21.1
194,20.7,pbs-2,14.1
195,20.7,pbs-3,14.1
196,20.7,pbs-4,14.3
197,20.7,pbs-5,14.5
198,20.7,pbs-6,20.1
199,20.7,pbs-7,13.5
200,18.6,cul-1,18.6
201,18.6,cul-2,16.4
202,18.6,cul-3,19.7
203,18.6,cul-4,19.7
204,18.6,cul-5,21.3
205,18.6,cul-6,19.7
206,20.7,lin-23,19.1
207,14.7,"R13H8.1, daf-16",8.1
208,14.7,"Y76A2A.2, cua-1",12.9
209,14.7,F28D1.9,7.6
210,14.7,Y61A9LA.5,8.9
211,14.7,BE10.2,10.2
212,14.7,"T07D3.7, alg-2",11.1
213,14.7,"F39H11.2, tlf-1",11.3
214,14.7,F52C6.2,11.9
215,14.7,"F41E6.4, smk-1",11.6
216,14.7,"M01E5.5, top-1",11.8
217,14.7,C14A4.9,12.6
218,14.7,F30A10.6,11.0
219,14.7,"F20B6.8, hpk-1",9.2
220,14.7,M57.2,11.7
221,14.7,"C05D11.2, vps-16",11.6
222,14.7,"ZK270.1, ptr-23",12.8
223,14.7,C29F9.2,12.9
224,14.7,"T01C8.1, aak-2",6.8
225,14.7,C29F9.1,15.3
226,14.7,"R09B3.5, mag-1",12.4
227,14.7,"R144.4, wip-1",13.8
228,14.7,"Y17G7B.5, mcm-2",12.6
229,14.7,Y42G9A.4,12.6
230,14.7,"C29E6.1, let-653",12.7
231,14.7,B0303.9,12.4
232,14.7,"F45E1.6, his-71",11.9
233,14.7,"F41H10.7, elo-5",13.3
234,14.7,C31H2.1,14.0
235,14.7,D2085.5,14.2
236,14.7,"F44B9.3, cit-1.2",15.7
237,14.7,D1069.3,13.9
238,14.7,R12B2.6,11.5
239,14.7,"F20H11.3, mdh-1",13.2
240,14.7,M05B5.2,8.1
241,14.7,F43D2.1,11.7
242,14.7,"T23F2.1, tag-249",6.1
243,14.7,"Y80D3A.5, cyp-42A1",6.0
244,14.7,F33H2.8,9.4
245,14.7,"C03D6.3, cel-1",6.0
246,14.7,"H04M03.4, glf-1",7.5
247,14.7,T19B10.2,9.7
248,14.7,W04G3.2,12.4
249,14.7,C06A5.1,9.0
250,14.7,C26B9.3,12.9
251,14.7,"F19B6.2, ufd-1",5.3
252,14.7,C33H5.18,6.7
253,14.7,"Y66H1B.4, spl-1",11.4
254,14.7,"F28B12.3, vrk-1",9.4
255,14.7,"W03C9.3, rab-7",10.0
256,14.7,CD4.4,9.7
257,14.7,C40H5.6,8.4
258,14.7,T27F7.1,9.7
259,14.7,F55B12.4,7.0
260,14.7,ZC250.3,10.4
261,14.7,C11H1.3,13.3
262,14.7,"C41G7.1, smn-1",10.8
263,14.7,Y77E11A.7,11.1
264,14.7,"DY3.2, lmn-1",13.0
265,14.7,"M04B2.1, mep-1",13.5
266,14.7,"F40G9.11, mxl-2",13.6
267,14.7,"T01G9.4, npp-2",13.0
268,14.7,"F20H11.2, nsh-1",10.7
269,14.7,"T27C4.4, egr-1",11.1
270,14.7,C01F1.1,10.5
271,14.7,C07A9.2,10.8
272,14.7,"ZC518.3, ccr-4",11.2
273,14.7,"K12D12.2, npp-3",12.6
274,14.7,"K12D12.3, col-84",12.6
275,14.7,F37C4.4,14.3
276,14.7,C27F2.5,8.4
277,14.7,B0395.2,12.4
278,14.7,Y47G6A.18,13.7
279,14.7,"ZK593.7, lsm-7",11.1
280,14.7,"F17C11.8, tag-318",10.7
281,14.7,T22B11.2,13.1
282,14.7,"F32A5.1, ada-2",11.5
283,14.7,"F32A5.7, lsm-4",11.5
284,14.7,"Y65B4BR.4, wwp-1",13.3
285,14.7,"T10F2.3, ulp-1",10.0
286,14.8,asm-3,17.1
287,22.7,sod-3,21.5
288,22.7,sod-2,22.5
289,22.7,sod-4,21.9
290,17.7,sod-5,16.4
291,13.6,unc-24;daf-15,16.6
292,21.4,unc-51,22.0
293,21.4,atg-3,18.9
294,21.4,atg-4.1,18.5
295,21.4,atg-4.2,21.5
296,21.4,atg-5,18.7
297,21.4,atg-7,20.9
298,21.4,lgg-1,20.3
299,21.4,lgg-2,23.2
300,21.4,atg-9,21.4
301,21.4,atg-10,22.3
302,21.4,lgg-3,22.5
303,21.4,atg-16.2,21.4
304,21.4,atg-18,12.1
305,18.89,nhr-4,
306,18.89,nhr-21,
307,19.8,atf-6,18.5
308,16.4,pek-1,21.8
309,20.4,abu-11,16.4
310,16.1,dox-1,12.3
311,16.33,utx-1,19.06
312,10.95,ash-2,20.76
313,11.5,cyp-35A2,10.1
314,13.2,smk-1,11.6
315,14.6,sdf-9,16.2
316,14.7,rle-1,14.2
317,20.0,ftt-2,17.0
318,14.6,elt-1,8.9
319,14.6,elt-2,10.0
320,14.6,elt-5,11.9
321,14.6,elt-6,11.7
322,14.6,end-1,14.4
323,14.6,med-1,14.4
324,14.6,end-3,13.6
325,16.1,egl-27,16.4
326,16.1,egr-1,16.9
327,15.5,col-144,14.3
328,15.5,ugt-9,15.7
329,21.7,ubc-18,
330,18.74,mekk-3,26.57
331,18.0,ddl-2,20.2
332,15.97,let-363;daf-15,20.9
333,19.0,daf-20,
334,14.69,gcy-35,
335,14.69,tax-4,
336,13.76,gcy-33,16.1
337,12.6,daf-2; dpy-20,27.9
338,12.6,daf-16; dpy-20,10.9
339,17.85,pha,12.85
340,12.67,ttr-5,14.46
341,12.67,epc-1,15.24
342,12.67,pod-1,18.38
343,12.67,acs-5,19.24
344,12.67,Y119D3_446.d,18.48
345,12.67,Y71H2_390.d,15.67
346,12.67,ral-1,15.03
347,12.67,T28D6.4,16.91
348,12.67,K12H4.5,20.0
349,12.67,T28A8.6,16.25
350,12.67,pat-4,15.67
351,12.67,Y66A7A1,15.83
352,12.67,Y71H2_388.c,24.84
353,11.73,grl-19,14.86
354,11.73,cutl-28,15.05
355,11.73,F42A6.1,14.33
356,11.73,B0546.3,14.88
357,11.73,aat-2,15.35
358,11.73,C46G7.2,16.87
359,11.73,K07H8.8,14.31
360,11.73,F49C12.9,14.0
361,11.73,T05A1.5,14.07
362,11.73,inx-8,13.92
363,11.73,inx-9,14.19
364,11.73,spe-26,15.57
365,11.73,R10H10.7,14.35
366,11.73,C42C1.3,18.65
367,11.73,amt-2,14.3
368,11.73,Y45F10D.8,14.03
369,11.73,set-26,14.05
370,11.73,W03G1.5,18.09
371,11.73,tes-1,18.76
372,11.73,mrlp-1,17.05
373,11.73,acdh-13,18.4
374,11.73,rps-23,26.46
375,11.73,qars-1,16.35
376,11.73,ogdh-1,21.05
377,11.73,F13B6.1,17.58
378,11.73,F08B4.7,14.25
379,11.73,tkt-1,14.62
380,11.73,mars-1,14.4
381,11.73,scl-8,13.89
382,11.73,dld-1,18.9
383,11.73,Y69A2A_2991.c,13.93
384,17.1,tor,21.8
385,14.16,vha-16,14.16
386,17.42,lmp-1,17.14
387,23.6,sca-1,21.4
388,23.6,unc-70,22.1
389,22.9,let-711,15.3
390,23.6,fasn-1,21.9
391,22.6,mdt-15,17.7
392,22.6,chc-1,21.0
393,19.7,igf-1,24.8
394,16.5,vps-34,16.9
395,11.3,nmur-1,15.4
396,19.25,drl-1,30.18
397,19.5,nlp-7,
398,15.9,atk-1,11.5
399,22.3,ocr-2,23.0
400,12.0,jkk-1,9.5
401,12.7,mek-1,8.4
402,10.0,mpk-1,8.1
403,18.6,ftt-2gs,17.0
404,18.6,par-5gs,18.6
405,23.08,ragc-1,29.09
406,22.93,raga-1,28.91
407,23.67,rheb-1,28.51
408,23.67,daf-15,26.43
409,17.2,atp-3,25.7
410,17.2,nuo-2,28.8
411,18.5,lipl-4,19.64
412,15.1,prmt-1,
413,18.4,rps-6,20.0
414,18.4,rps-15,20.4
415,17.8,hsp-16.1;hsp-16.2;hsp-16.11,16.9
416,17.8,hsp-70,18.9
417,16.5,pqm-1,14.61
418,9.7,aakg-5,10.7
419,20.49,isp-1; ctb-1,27.23
420,11.81,sod-1;sod-2;sod-3;sod-4;sod-5,13.63
421,21.33,gpdh-1;gpdh-2,26.0
422,21.87,nhl-1,14.37
423,19.0,cye-1,26.1
424,19.1,cdk-2,25.6
425,20.3,Y39G10AR.8,25.2
426,20.3,D2085.3,24.0
427,20.3,D2013.7,25.9
428,20.3,C09D4.5,22.5
429,20.3,W01B11.3,23.4
430,20.3,F59C6.4,22.7
431,20.3,Y48G1A.4,24.5
432,20.3,C47D12.6,22.8
433,20.3,F22D6.3,22.5
434,20.3,C48E7.2,25.5
435,20.3,F14B4.3,23.4
436,20.3,R53.4,24.3
437,20.3,F59C6.5,23.6
438,20.3,ZK973.10,23.7
439,20.3,C01F1.2,25.0
440,20.3,K01C8.6,23.7
441,20.3,F59A3.3,23.1
442,20.3,B0511.8,24.5
443,20.3,Y47G6A.10,25.2
444,20.3,F26E4.4,23.8
445,20.3,C56E6.1,23.5
446,20.3,K11B4.1,23.6
447,20.3,B0491.5,23.6
448,14.66,clk-2,24.66
449,17.93,clk-4,30.34
450,18.62,clk-5,20.68
451,17.24,clk-7,26.2
452,17.93,clk-8,32.41
453,20.68,clk-9,28.96
454,17.93,clk-10,18.62
455,22.5,ctb-1,
456,18.9,cyc-2.1,32.2
457,20.4,dve-1,15.8
458,20.4,ubl-5,20.6
459,12.07,pie-1,12.89
460,12.07,pgl-1,12.77
461,12.07,pgl-2,12.47
462,12.07,pgl-3,12.68
463,12.07,isw-1,12.23
464,12.07,mes-4,13.9
465,19.31,emb-8,
466,18.9,ftt-1,16.4
467,17.15,ftn-1;ftn-2,18.35
468,19.2,D2030.4,27.4
469,19.2,T02H6.11,28.1
470,19.2,F26E4.6,28.5
471,19.2,F26E4.9,27.0
472,19.2,W09C5.8,31.1
473,19.2,B0261.4,22.7
474,19.2,T06D8.6,29.8
475,19.2,F13G3.7,24.0
476,19.2,K01C8.7,23.1
477,19.2,F28B3.5,25.2
478,19.2,F57B10.3,23.3
479,18.88,cbp-1,15.5
480,13.92,dev-1,
481,19.12,cbp-1;daf-16,
482,10.8,osm-6,14.8
483,18.8,daf-19,24.5
484,11.0,daf-2; pep-2,38.3
485,14.1,daf-16; daf-2,13.5
486,14.1,glp-4; daf-2,33.2
487,16.7,gpc-1,20.3
488,18.0,daf-2;odr-3,49.6
489,18.2,let-363;dpy-5;unc-13,18.0
490,14.7,daf-2; daf-16,10.1
491,17.4,asm-3;rrf-3,20.1
492,22.7,daf-2;sod-3,57.3
493,13.37,rict-1,10.3
494,17.7,sod-2;sod-4,26.8
495,17.7,sod-3;sod-5,20.0
496,13.6,hif-1;daf-16,12.4
497,13.6,hif-1;daf-2,35.0
498,13.6,hif-1;unc-24;daf-15,16.6
499,14.0,hif-1;rsks-1,17.0
500,14.0,egl-9;rsks-1,14.2
501,14.6,egl-9;eat-2,15.0
502,14.0,pha-4;hif-1,16.5
503,14.4,ire-1;hif-1,9.2
504,12.4,ire-1;ifg-1,10.2
505,14.9,xbp-1;hif-1,14.3
506,12.5,rsks-1;daf-2,69.3
507,12.5,daf-16;daf-2;rsks-1,11.2
508,13.6,aakg-4;rsks-1,15.0
509,13.6,aakg-4;daf-2,22.0
510,13.6,aakg-4;daf-2;rsks-1,26.0
511,12.8,aak-2;rsks-1,9.7
512,12.8,aak-2;daf-2,22.5
513,12.8,aak-2;daf-2;rsks-1,26.6
514,12.8,glp-1;rsks-1,11.7
515,12.8,glp-1;daf-2,37.3
516,12.8,glp-1;daf-2;rsks-1,40.1
517,23.8,daf-18;daf-2,24.5
518,23.8,pptr-1;daf-2,29.8
519,13.5,nhr-80;glp-1,11.5
520,19.5,cyc-1;nhr-80,32.0
521,13.0,fat-2;glp-1,27.0
522,19.9,tcer-1;glp-1,16.3
523,19.9,daf-16;glp-1,15.3
524,18.6,tcer-1;tcer-1,23.8
525,18.4,daf-16;tcer-1,17.7
526,16.5,kri-1;tcer-1,16.0
527,16.7,tcer-1;daf-2,31.3
528,21.4,daf-2;unc-51,38.5
529,21.4,daf-2;atg-3,43.9
530,21.4,daf-2;atg-4.1,37.3
531,21.4,daf-2;atg-4.2,37.1
532,21.4,daf-2;atg-5,47.0
533,21.4,daf-2;bec-1,26.4
534,21.4,daf-2;atg-7,41.9
535,21.4,daf-2;lgg-1,38.3
536,21.4,daf-2;lgg-2,41.0
537,21.4,daf-2;atg-9,45.0
538,21.4,daf-2;atg-10,39.9
539,21.4,daf-2;lgg-3,46.6
540,21.4,daf-2;atg-16.2,43.7
541,21.4,daf-2;atg-18,23.8
542,20.96,eat-2;nhr-62,22.73
543,18.89,eat-2;nhr-4,24.48
544,18.89,eat-2;nhr-21,23.97
545,14.58,nhr-62;daf-2,34.51
546,14.58,nhr-62;cco-1,30.53
547,14.92,nhr-62;let-363,20.76
548,14.9,daf-2;xbp-1,36.6
549,14.9,daf-2;ire-1,20.2
550,19.8,daf-2;atf-6,42.7
551,16.4,daf-2;pek-1,42.9
552,20.4,daf-2;abu-11,45.5
553,16.1,daf-2;dox-1,19.0
554,14.9,isp-1;ire-1,19.1
555,21.4,eat-2;ire-1,18.4
556,20.44,rrf-3;daf-2;skn-1,25.83
557,13.8,rrf-3;akt-1;akt-2,22.5
558,13.8,rrf-3;skn-1;akt-1;akt-2,11.6
559,13.8,sgk-1;skn-1,8.2
560,16.33,daf-2;utx-1,47.17
561,16.33,daf-16;utx-1,9.89
562,16.33,akt-1;utx-1,26.5
563,16.33,akt-2;utx-1,18.23
564,16.33,sgk-1;utx-1,20.63
565,16.33,sir-2.1;utx-1,23.87
566,16.33,rrf-1;utx-1,18.19
567,16.33,glp-1;utx-1,19.15
568,10.95,rrf-1;ash-2,14.04
569,23.3,daf-16;daf-2;skn-1,16.5
570,24.5,daf-2;daf-2,71.7
571,24.5,daf-2;skn-1;daf-2,19.3
572,11.5,fat-5;cyp-35A2,15.9
573,14.1,eak-7;akt-1,25.5
574,14.7,eak-7;daf-16,11.1
575,14.7,eak-7;hsf-1,11.1
576,14.7,eak-7;akt-2,25.7
577,14.7,eak-7;sgk-1,10.6
578,14.7,akt-1;sgk-1,11.0
579,15.8,eak-7;glp-1,49.7
580,15.3,eak-7;eak-3,21.8
581,13.2,eak-7;smk-1,14.5
582,14.6,eak-7;sdf-9,21.1
583,15.3,eak-7;eak-6,22.5
584,14.7,eak-7;rle-1,15.1
585,20.0,daf-2;aak-2,17.2
586,20.0,daf-16;aak-2,14.6
587,19.4,daf-2;par-4,24.7
588,20.0,daf-16;par-5,14.0
589,20.0,daf-16;ftt-2,14.0
590,20.0,sir-2.1;par-5,15.0
591,20.0,sir-2.1;ftt-2,14.0
592,20.0,sir-2.1;daf-16,14.0
593,20.0,daf-2;par-5,38.0
594,20.0,daf-2;ftt-2,38.0
595,14.6,daf-2;elt-1,32.5
596,14.6,daf-2;elt-2,15.0
597,14.6,daf-2;elt-3,17.5
598,14.6,daf-2;elt-5,13.8
599,14.6,daf-2;elt-6,21.5
600,14.6,daf-2;end-1,27.0
601,14.6,daf-2;med-1,22.2
602,14.6,daf-2;end-3,23.1
603,16.1,daf-2;egl-27,16.4
604,16.1,daf-2;egr-1,20.1
605,14.2,elt-3;daf-2,22.7
606,12.5,eat-2;elt-3,11.8
607,15.5,daf-2;col-144,24.8
608,15.5,daf-2;ugt-9,31.2
609,17.2,eat-2;wwp-1,17.1
610,18.7,wwp-1;pha-4,17.5
611,18.1,wwp-1;daf-16,21.0
612,18.4,isp-1;wwp-1,28.1
613,21.7,eat-2;ubc-18,20.5
614,21.7,isp-1;ubc-18,31.0
615,18.7,wwp-1;ubc-18,19.1
616,18.74,daf-2;mekk-3,60.42
617,16.36,daf-16;mekk-3,24.06
618,16.36,daf-16;pdk-1,13.07
619,16.87,daf-3;mekk-3,25.65
620,18.99,daf-5;mekk-3,27.0
621,18.99,daf-2;daf-3;mekk-3,73.85
622,16.24,eat-2;mekk-3,27.35
623,19.02,mev-1;mekk-3,15.06
624,19.02,gas-1;mekk-3,29.74
625,16.56,clk-1;mekk-3,34.24
626,16.56,skn-1;mekk-3,26.39
627,17.48,nhr-49;mekk-3,15.49
628,17.48,nhr-8;mekk-3,12.71
629,17.48,aha-1;mekk-3,12.89
630,17.48,ahr-1;mekk-3,14.92
631,17.48,pgp-3;mekk-3,18.63
632,19.69,hsf-1;mekk-3,31.78
633,17.48,eat-2;nhr-49,12.55
634,18.37,eat-2;nhr-8,22.52
635,19.02,rde-1;mekk-3,20.96
636,20.91,daf-22;mekk-3,20.59
637,20.34,glp-1;mekk-3,25.65
638,25.1,sgk-1;daf-16,17.6
639,25.1,akt-1;daf-16,15.3
640,18.7,hcf-1;sgk-1,22.0
641,16.5,hsf-1;ddl-1,13.2
642,18.0,hsf-1;ddl-2,15.4
643,18.5,hsb -1;hsf-1,11.2
644,19.0,hsb -1;ddl-1,28.1
645,19.5,hsb -1;ddl-2,29.2
646,16.8,ddl-1;ddl-2,24.0
647,13.05,ddr-2;let-363,11.42
648,15.97,ddr-2;let-363;daf-15,16.57
649,18.56,ddr-2;rsks-1,25.15
650,17.22,ddr-2;rab-10,18.39
651,17.22,ddr-2;sams-1,19.08
652,16.49,pha-4;ddr-2,17.68
653,17.41,sams-1;ddr-2,20.58
654,18.76,rab-10;ddr-2,20.86
655,12.0,age-1;fer-15;daf-16,13.0
656,12.0,daf-2;daf-18,13.0
657,12.0,age-1;fer-15;daf-18,12.0
658,19.0,daf-2;daf-20,50.0
659,14.0,age-1;fer-15;daf-2,29.0
660,14.69,npr-1;gcy-35,20.24
661,14.69,gcy-35;npr-1;tax-4,15.65
662,13.76,npr-1;gcy-33,12.73
663,13.76,gcy-35;npr-1;gcy-33,10.06
664,13.85,gcy-35;npr-1;daf-16,15.05
665,13.85,npr-1;daf-16,16.03
666,13.85,daf-16;npr-1;gcy-35,15.05
667,13.85,daf-2;npr-1,31.74
668,13.85,daf-2;gcy-35;npr-1,34.29
669,14.69,npr-1;hif-1,12.23
670,14.69,gcy-35;npr-1;hif-1,12.03
671,13.48,npr-1;egl-9,10.85
672,13.48,gcy-35;npr-1;egl-9,21.74
673,14.7,sgk-1;daf-2,36.0
674,14.7,sgk-1;age-1,30.0
675,14.7,akt-1;akt-2;sgk-1,22.7
676,14.7,daf-16;sgk-1,11.4
677,18.7,trpa-1;daf-16,15.8
678,19.8,daf-16;pkc-2,14.6
679,19.6,sgk-1;trpa-1,15.8
680,19.6,sgk-1;pkc-2,15.7
681,21.6,skn-1;trpa-1,19.2
682,21.6,skn-1;pkc-2,19.2
683,21.37,pha-4;trpa-1,18.27
684,21.37,pha-4;pkc-2,17.24
685,21.25,hsf-1;trpa-1,20.5
686,21.25,hsf-1;pkc-2,11.87
687,15.35,cmk-1;trpa-1,24.28
688,19.65,unc-43;trpa-1,22.41
689,18.66,trpa-1;pkc-2,25.33
690,20.66,akt-1;trpa-1,28.0
691,18.18,akt-2;trpa-1,28.78
692,19.33,jnk-1;trpa-1,18.88
693,20.55,trpa-1;sgk-1,25.27
694,20.55,pkc-2;sgk-1,25.27
695,21.09,daf-2;trpa-1,36.72
696,10.2,vang-1;skn-1,13.0
697,10.2,vang-1;daf-16,12.0
698,10.2,vang-1;daf-2,25.6
699,12.8,rrf-1;vang-1,14.6
700,17.3,sea-2;daf-16,12.1
701,17.3,sea-2;daf-2;daf-16,13.1
702,20.9,daf-9;daf-3,37.5
703,23.9,daf-9;daf-16,26.9
704,22.8,daf-9;daf-12,23.9
705,12.6,daf-15; dpy-20;daf-2; dpy-20,31.4
706,12.6,daf-15; dpy-20;daf-16; dpy-20,10.0
707,17.39,mdl-1;mxl-2,16.08
708,17.39,mxl-1;mxl-2,16.08
709,13.5,mxl-1;daf-16,13.9
710,13.5,daf-16;mxl-1,13.7
711,13.5,mxl-2;daf-16,13.6
712,13.5,daf-16;mxl-2,14.2
713,14.8,daf-2;mxl-2,27.6
714,14.8,daf-2;mml-1,27.2
715,20.0,mxl-1;daf-2;daf-2,70.0
716,17.85,mxl-1;pha,12.5
717,17.85,mxl-2;pha,11.78
718,20.0,eat-2;mxl-2,17.39
719,20.0,eat-2;mml-1,21.7
720,20.0,eat-2;mxl-1,30.0
721,20.0,eat-2;mdl-1,32.0
722,12.67,rrf-3;daf-16;ttr-5,9.74
723,12.67,rrf-3;daf-16;epc-1,8.85
724,12.67,rrf-3;daf-16;pod-1,7.5
725,12.67,rrf-3;daf-16;acs-5,10.93
726,12.67,rrf-3;daf-16;Y119D3_446.d,9.97
727,12.67,rrf-3;daf-16;daf-2,9.72
728,12.67,rrf-3;daf-16;Y71H2_390.d,11.0
729,12.67,rrf-3;daf-16;ral-1,10.84
730,12.67,rrf-3;daf-16;T28D6.4,11.43
731,12.67,rrf-3;daf-16;K12H4.5,13.67
732,12.67,rrf-3;daf-16;T28A8.6,11.88
733,12.67,rrf-3;daf-16;pat-4,13.42
734,12.67,rrf-3;daf-16;Y66A7A1,12.21
735,12.67,rrf-3;daf-16;Y71H2_388.c,19.74
736,11.73,rrf-3;daf-16;grl-19,9.6
737,11.73,rrf-3;daf-16;asm-3,10.35
738,11.73,rrf-3;daf-16;cutl-28,8.71
739,11.73,rrf-3;daf-16;F42A6.1,10.58
740,11.73,rrf-3;daf-16;B0546.3,10.53
741,11.73,rrf-3;daf-16;aat-2,9.0
742,11.73,rrf-3;daf-16;C46G7.2,8.93
743,11.73,rrf-3;daf-16;K07H8.8,9.42
744,11.73,rrf-3;daf-16;F49C12.9,10.38
745,11.73,rrf-3;daf-16;T05A1.5,10.23
746,11.73,rrf-3;daf-16;inx-8,10.03
747,11.73,rrf-3;daf-16;inx-9,9.54
748,11.73,rrf-3;daf-16;spe-26,9.58
749,11.73,rrf-3;daf-16;R10H10.7,9.4
750,11.73,rrf-3;daf-16;C42C1.3,10.58
751,11.73,rrf-3;daf-16;amt-2,10.94
752,11.73,rrf-3;daf-16;Y45F10D.8,10.54
753,11.73,rrf-3;daf-16;set-26,11.38
754,11.73,rrf-3;daf-16;W03G1.5,12.76
755,11.73,rrf-3;daf-16;elt-6,11.41
756,11.73,rrf-3;daf-16;tes-1,12.38
757,11.73,rrf-3;daf-16;mrlp-1,11.96
758,11.73,rrf-3;daf-16;acdh-13,13.16
759,11.73,rrf-3;daf-16;rps-23,17.15
760,11.73,rrf-3;daf-16;qars-1,11.68
761,11.73,rrf-3;daf-16;ogdh-1,19.52
762,11.73,rrf-3;daf-16;F13B6.1,16.53
763,11.73,rrf-3;daf-16;F08B4.7,12.81
764,11.73,rrf-3;daf-16;tkt-1,12.47
765,11.73,rrf-3;daf-16;mars-1,13.62
766,11.73,rrf-3;daf-16;scl-8,12.24
767,11.73,rrf-3;daf-16;dld-1,19.76
768,11.73,rrf-3;daf-16;Y69A2A_2991.c,12.14
769,17.1,hlh-30;tor,17.8
770,14.4,hlh-30;glp-1,17.7
771,14.16,glp-1;vha-16,14.16
772,17.42,glp-1;lmp-1,15.42
773,17.22,rsks-1;atg-18,17.22
774,16.3,clk-1;hif-1,15.5
775,14.4,isp-1;hif-1,15.9
776,15.3,clk-1;aha-1,15.3
777,15.8,isp-1;aha-1,18.0
778,16.3,clk-1;vhl-1,23.0
779,14.4,isp-1;vhl-1,23.6
780,14.4,clk-1;egl-9,19.0
781,16.3,isp-1;egl-9,22.6
782,16.8,cyc-1;hif-1,27.3
783,19.6,cco-1;hif-1,28.2
784,15.3,daf-1;hif-1,40.0
785,15.8,eat-2;hif-1,27.0
786,15.3,osm-5;hif-1,20.4
787,15.3,glp-1;hif-1,22.0
788,15.3,clk-1;egl-1,20.2
789,15.3,isp-1;egl-1,26.0
790,23.6,ifg-1;sca-1,16.1
791,23.6,ifg-1;unc-70,25.3
792,22.9,ifg-1;let-711,19.8
793,23.6,ifg-1;fasn-1,23.4
794,22.6,ifg-1;mdt-15,18.5
795,22.6,ifg-1;chc-1,23.7
796,19.7,aak-2;igf-1,17.3
797,25.4,daf-16;ifg-1,16.9
798,20.3,ifg-1;daf-2,44.8
799,20.3,ifg-1;daf-16,15.8
800,20.3,ifg-1;ifg-1,29.2
801,20.3,daf-16;daf-16,12.7
802,20.3,daf-16;sca-1,12.7
803,20.3,daf-16;fasn-1,12.1
804,20.3,daf-16;unc-70,12.6
805,20.3,daf-16;chc-1,12.6
806,20.3,daf-16;let-711,12.1
807,20.3,daf-16;mdt-15,12.1
808,20.3,aak-2;daf-16,11.3
809,20.3,aak-2;sca-1,18.1
810,20.3,aak-2;fasn-1,17.9
811,20.3,aak-2;unc-70,17.3
812,20.3,aak-2;chc-1,17.6
813,20.3,aak-2;let-711,17.3
814,20.3,aak-2;mdt-15,12.2
815,20.3,aak-2;ifg-1,21.9
816,20.3,rsks-1;sca-1,24.3
817,20.3,rsks-1;fasn-1,18.9
818,20.3,rsks-1;unc-70,29.4
819,20.3,rsks-1;chc-1,23.0
820,20.3,rsks-1;let-711,28.1
821,20.3,rsks-1;mdt-15,19.3
822,20.3,daf-2;sca-1,39.8
823,20.3,daf-2;fasn-1,30.3
824,20.3,daf-2;unc-70,47.6
825,20.3,daf-2;chc-1,37.9
826,20.3,daf-2;let-711,34.7
827,20.3,daf-2;mdt-15,30.0
828,20.3,isp-1;daf-2,41.1
829,20.3,isp-1;daf-16,27.0
830,20.3,isp-1;sca-1,29.4
831,20.3,isp-1;fasn-1,30.1
832,20.3,isp-1;unc-70,29.7
833,20.3,isp-1;chc-1,29.6
834,20.3,isp-1;let-711,25.5
835,20.3,isp-1;mdt-15,25.4
836,20.3,isp-1;ifg-1,30.6
837,20.3,eat-2;daf-2,47.2
838,20.3,eat-2;daf-16,19.5
839,20.3,eat-2;sca-1,20.9
840,20.3,eat-2;fasn-1,19.0
841,20.3,eat-2;unc-70,24.6
842,20.3,eat-2;chc-1,24.1
843,20.3,eat-2;let-711,22.6
844,20.3,eat-2;mdt-15,16.9
845,20.3,eat-2;ifg-1,35.0
846,16.5,mes-1;vps-34,17.1
847,16.6,mes-1;atg-18,12.2
848,14.5,mes-1;pha-4,10.4
849,18.7,glp-1;pha-4,16.7
850,18.3,glp-1;vps-34,16.4
851,18.3,glp-1;bec-1,17.4
852,17.9,glp-1;lgg-1,19.6
853,18.3,glp-1;unc-51,16.0
854,18.3,glp-1;atg-18,14.3
855,17.9,glp-1;tor,21.9
856,19.2,LPL-4;bec-1,20.4
857,18.0,LPL-4;lgg-1,15.8
858,19.0,LPL-4;pha-4,18.9
859,19.0,LPL-4;vps-34,17.5
860,19.0,LPL-4;tor,24.9
861,11.3,daf-10;nmur-1,21.1
862,10.5,osm-3;nmur-1,15.2
863,11.6,daf-2;nmur-1,36.7
864,11.7,daf-16;nmur-1,11.8
865,11.2,aak-2;nmur-1,13.8
866,11.0,hsf-1;nmur-1,8.2
867,12.4,pmk-1;nmur-1,14.2
868,20.7,daf-28;daf-16,14.0
869,20.7,daf-28;daf-12,20.0
870,12.2,daf-18;daf-16,9.8
871,11.77,ins-7;ins-18,13.54
872,11.77,ins-7; ins-18;ins-18,14.47
873,16.0,ins-18;daf-2,28.0
874,13.96,eat-2;utx-1,20.0
875,17.27,nsy-1;flr-4,15.02
876,17.27,pmk-1;flr-4,18.2
877,17.27,pmk-3;flr-4,26.24
878,17.27,sek-1;flr-4,18.45
879,17.27,tir-1;flr-4,19.64
880,17.27,unc-43;flr-4,15.74
881,21.5,flr-4;sek-1,20.74
882,18.97,flr-4;nhr-8,20.7
883,18.81,nhr-8;flr-4,14.27
884,19.13,daf-2;flr-4,64.74
885,19.55,daf-16;flr-4,19.64
886,19.25,flr-4;drl-1,30.31
887,19.61,flr-4;daf-16,23.48
888,17.14,flr-4;skn-1,19.23
889,13.0,gld-1;flr-4,15.25
890,14.05,glp-1;flr-4,18.69
891,14.05,glp-4;flr-4,16.14
892,22.8,vhl-1;hif-1,22.0
893,17.5,vhl-1;daf-2,45.0
894,21.6,vhl-1;daf-16,22.8
895,23.2,age-1;hsf-1,18.5
896,23.2,age-1;daf-16,17.9
897,23.2,daf-2;hsf-1,17.8
898,23.2,old-1;hsf-1,16.8
899,13.5,daf-16;hsf-1,8.5
900,19.2,ifg-1;let-363,32.0
901,19.2,rsks-1;ifg-1,30.6
902,19.2,rsks-1;let-363,16.1
903,17.0,pdk-1;daf-16,15.0
904,12.0,sqt-1; age-1;daf-16,14.0
905,12.0,sqt-1; age-1;akt-1,22.0
906,19.5,eat-2;skn-1,14.0
907,19.5,eat-2;nlp-7,20.5
908,19.5,eat-2;cup-4,21.1
909,17.1,age-1;skn-1,19.8
910,17.1,age-1;nlp-7,18.8
911,17.1,age-1;cup-4,18.2
912,17.2,clk-1;skn-1,19.4
913,17.2,clk-1;nlp-7,22.1
914,17.2,clk-1;cup-4,21.8
915,22.0,npl-7;skn-1,17.4
916,22.0,npl-7;cup-4,18.3
917,22.0,cup-4;skn-1,17.6
918,22.0,cup-4;nlp-7,18.6
919,15.9,oga-1;ogt-1,15.5
920,15.9,oga-1;daf-2,21.6
921,15.9,ogt-1;daf-2,13.2
922,15.9,oga-1;daf-16,14.8
923,15.9,ogt-1;daf-16,12.8
924,15.9,oga-1;age-1,24.7
925,15.9,ogt-1;age-1,15.9
926,15.9,oga-1;sgk-1,26.2
927,15.9,ogt-1;sgk-1,16.6
928,15.9,oga-1;pdk-1,18.7
929,15.9,oga-1;atk-1,19.8
930,21.6,glp-1;nhr-49,14.1
931,16.9,daf-2;nhr-49,29.5
932,16.9,nhr-49;cyc-1,14.8
933,18.5,nhr-49;daf-16,17.4
934,20.3,nhr-49;tcer-1,14.1
935,17.0,nhr-49;daf-2,25.0
936,17.0,nhr-49;cco-1,19.4
937,22.3,osm-9;ocr-2,28.7
938,17.47,osm-9; ocr-2;tax-6,23.45
939,15.4,shc-1;daf-16,10.1
940,14.2,shc-1;age-1,17.5
941,14.3,shc-1;daf-2,20.2
942,14.2,shc-1;jnk-1,10.9
943,12.0,shc-1;jkk-1,8.1
944,12.7,shc-1;mek-1,8.7
945,10.0,glp-4;mpk-1,9.3
946,14.3,hcf-1;sir-2.1,17.0
947,14.3,hcf-1;daf-16,8.7
948,15.4,daf-16;sir-2.1,8.5
949,18.6,hcf-1;ftt-2,12.4
950,18.6,hcf-1;ftt-2gs,20.0
951,18.6,hcf-1;par-5,10.8
952,18.6,hcf-1;par-5gs,25.0
953,23.08,skn-1;ragc-1,20.48
954,23.39,daf-16;ragc-1,20.79
955,22.93,skn-1;raga-1,21.46
956,22.93,daf-16;raga-1,18.51
957,22.93,daf-16; skn-1;raga-1,18.64
958,23.67,skn-1;rheb-1,19.45
959,23.67,daf-16;rheb-1,21.01
960,23.67,skn-1;daf-15,19.45
961,23.67,daf-16;daf-15,19.84
962,22.56,glp-1;raga-1,33.04
963,19.46,glp-1;ifg-1,30.65
964,20.98,glp-1;eif-1,31.68
965,23.96,kri-1;raga-1,31.21
966,22.93,daf-16; skn-1;cco-1,24.6
967,22.93,daf-16; skn-1;cyc-1,25.15
968,21.56,rde-1;ragc-1,21.39
969,23.95,kri-1;eif-1,31.52
970,17.2,aak-2;frh-1,16.3
971,17.2,aak-1;frh-1,21.5
972,17.2,aak-1; aak-2;frh-1,17.9
973,17.2,par-4;frh-1,21.2
974,16.4,sad-1;frh-1,20.8
975,16.4,kin-29;frh-1,16.1
976,16.4,mml-1;frh-1,19.6
977,18.4,frh-1;bec-1,16.7
978,18.4,bec-1;frh-1,8.4
979,17.2,aak-2;atp-3,11.4
980,17.2,aak-2;isp-1,38.8
981,17.2,aak-2;nuo-2,22.4
982,17.2,aak-2;cco-1,25.5
983,17.2,par-4;atp-3,25.6
984,17.2,par-4;isp-1,29.9
985,17.2,par-4;nuo-2,23.5
986,17.2,par-4;cco-1,28.3
987,17.2,sad-1;atp-3,22.9
988,17.2,sad-1;isp-1,32.5
989,17.2,sad-1;nuo-2,18.4
990,17.2,sad-1;cco-1,21.0
991,17.2,kin-29;atp-3,20.4
992,17.2,kin-29;isp-1,27.1
993,17.2,kin-29;nuo-2,15.7
994,17.2,kin-29;cco-1,24.8
995,17.2,mml-1;atp-3,21.6
996,17.2,mml-1;isp-1,30.7
997,17.2,mml-1;nuo-2,26.8
998,17.2,mml-1;cco-1,26.0
999,18.5,glp-1;lipl-4,20.66
1000,18.48,daf-2;lipl-4,28.61
1001,15.1,daf-2;prmt-1,36.4
1002,19.9,rsks-1;hsf-1,8.6
1003,19.4,hsf-1;rsks-1,14.5
1004,19.4,rsks-1;daf-16,13.2
1005,17.7,rsks-1;aak-2,17.9
1006,18.6,hsf-1;daf-15,13.5
1007,18.6,hsf-1;ragc-1,12.9
1008,18.4,hsf-1;rps-6,12.1
1009,18.4,hsf-1;rps-15,10.0
1010,17.8,rsks-1;hsp-16.1;hsp-16.2;hsp-16.11,21.3
1011,17.8,rsks-1;hsp-70,21.1
1012,16.5,daf-2;pqm-1,23.91
1013,16.5,pmq-1;daf-16,12.84
1014,16.5,pmq-1;daf-2,23.06
1015,19.89,daf-9;daf-2,28.07
1016,19.89,aak-2;daf-9,22.04
1017,19.89,nhr-8;daf-2,25.39
1018,17.08,eat-2;daf-9,15.83
1019,22.64,skn-1;ife-2,24.86
1020,22.3,skn-1;ifg-1,26.21
1021,22.43,eif-1;skn-1,22.18
1022,22.28,eif-1A;skn-1,21.62
1023,22.51,daf-16;ife-2,19.77
1024,23.55,daf-16;skn-1;ifg-1,18.72
1025,22.62,daf-16;eif-1,20.91
1026,22.62,daf-16;skn-1;eif-1,16.42
1027,10.0,ets-4;daf-16,8.4
1028,13.3,ets-4;daf-2,29.0
1029,12.2,ets-4;skn-1,16.8
1030,15.82,isp-1;cep-1,18.75
1031,14.3,aakb-1;daf-2,25.5
1032,9.7,aakg-4;aakg-5,12.2
1033,9.7,daf-2;aakg-5,16.9
1034,9.9,daf-2;aakg-4;aakg-5,19.7
1035,20.49,ceh-23;isp-1; ctb-1,26.63
1036,17.79,ceh-23;isp-1,23.31
1037,13.0,akt-1;eak-4,13.25
1038,13.0,akt-1;sdf-9,13.5
1039,13.0,akt-1;eak-6,13.25
1040,18.04,hif-1;vhl-1,21.5
1041,13.1,daf-16;hcf-1,11.0
1042,13.9,daf-2;hcf-1,35.9
1043,14.5,hcf-1;daf-2,30.2
1044,14.5,hcf-1;age-1,26.5
1045,13.4,age-1;hcf-1,26.7
1046,13.6,glp-1;hcf-1,21.4
1047,16.66,atm-1;frh-1,25.66
1048,17.33,egl-1;frh-1,25.0
1049,17.0,atm-1;atp-3,4.25
1050,15.0,skn-1;frh-1,18.75
1051,13.75,daf-16;frh-1,7.3
1052,15.0,sir-2.1;frh-1,20.66
1053,15.0,cep-1;frh-1,20.0
1054,15.9,cep-1;atp-3,25.7
1055,15.9,cep-1;cco-1,27.0
1056,16.3,egl-1;atp-3,7.7
1057,20.0,mxl-3;hlh-30,21.0
1058,17.1,daf-2;sir-2.1,46.4
1059,16.2,unc-64;sir-2.1,40.1
1060,17.6,unc-13;sir-2.1,27.0
1061,17.6,unc-13; daf-16;sir-2.1,18.6
1062,17.6,unc-13;daf-16;sir-2.1,21.1
1063,16.2,eat-2;sir-2.1,18.4
1064,17.5,fer-15;fem-1;bec-1,21.8
1065,22.9,fer-15;fem-1;vps-34,21.0
1066,17.5,eat-2;bec-1,19.6
1067,24.5,eat-2;vps-34,24.5
1068,19.8,eat-2;rrf-3;bec-1,15.9
1069,21.4,daf-15;unc-24;bec-1,17.5
1070,22.9,rab-10;bec-1,19.9
1071,22.9,rab-10;vps-34,22.1
1072,17.5,daf-2;fer-15;fem-1;bec-1,25.4
1073,14.6,daf-2;rsks-1;aak-2,40.28
1074,19.02,daf-2;rsks-1;tax-6,54.91
1075,20.0,aak-2;xbp-1,16.0
1076,17.33,tax-6;daf-16,14.33
1077,11.81,daf-2;sod-1;sod-2;sod-3;sod-4;sod-5,30.0
1078,20.52,daf-2;pmk-1,26.31
1079,21.33,daf-2;gpdh-1;gpdh-2,51.33
1080,21.87,daf-2;nhl-1,45.0
1081,19.0,glp-1;cye-1,24.5
1082,18.9,mes-1;cye-1,22.1
1083,19.9,daf-12;cye-1,19.3
1084,19.9,daf-9;cye-1,19.7
1085,19.4,daf-16;cye-1,19.2
1086,19.4,skn-1;cye-1,15.7
1087,19.4,kri-1;cye-1,21.0
1088,19.3,daf-2;cye-1,58.2
1089,19.1,glp-1;cdk-2,23.4
1090,19.1,rrf-1;cye-1,22.9
1091,18.8,daf-16;cdk-2,18.4
1092,19.4,kri-1;cdk-2,21.0
1093,19.5,skn-1;cdk-2,16.6
1094,20.3,daf-2;Y39G10AR.8,47.8
1095,20.3,daf-2;D2085.3,49.2
1096,20.3,daf-2;D2013.7,44.5
1097,20.3,daf-2;C09D4.5,50.9
1098,20.3,daf-2;W01B11.3,51.1
1099,20.3,daf-2;F59C6.4,45.5
1100,20.3,daf-2;Y48G1A.4,47.2
1101,20.3,daf-2;C47D12.6,40.3
1102,20.3,daf-2;F22D6.3,43.9
1103,20.3,daf-2;C48E7.2,43.6
1104,20.3,daf-2;F14B4.3,44.4
1105,20.3,daf-2;R53.4,53.3
1106,20.3,daf-2;F59C6.5,50.4
1107,20.3,daf-2;ZK973.10,44.5
1108,20.3,daf-2;C01F1.2,42.1
1109,20.3,daf-2;K01C8.6,46.6
1110,20.3,daf-2;F59A3.3,43.3
1111,20.3,daf-2;B0511.8,48.7
1112,20.3,daf-2;Y47G6A.10,48.6
1113,20.3,daf-2;F26E4.4,43.0
1114,20.3,daf-2;C56E6.1,46.9
1115,20.3,daf-2;K11B4.1,43.8
1116,20.3,daf-2;B0491.5,48.3
1117,20.3,daf-16;daf-2;Y39G10AR.8,13.0
1118,20.3,daf-16;daf-2;D2085.3,13.3
1119,20.3,daf-16;daf-2;D2013.7,13.5
1120,20.3,daf-16;daf-2;C09D4.5,13.9
1121,20.3,daf-16;daf-2;W01B11.3,13.3
1122,20.3,daf-16;daf-2;F59C6.4,13.6
1123,20.3,daf-16;daf-2;Y48G1A.4,13.1
1124,20.3,daf-16;daf-2;C47D12.6,12.9
1125,20.3,daf-16;daf-2;F22D6.3,13.0
1126,20.3,daf-16;daf-2;C48E7.2,13.6
1127,20.3,daf-16;daf-2;F14B4.3,13.0
1128,20.3,daf-16;daf-2;R53.4,13.0
1129,20.3,daf-16;daf-2;F59C6.5,13.1
1130,20.3,daf-16;daf-2;ZK973.10,13.2
1131,20.3,daf-16;daf-2;C01F1.2,13.7
1132,20.3,daf-16;daf-2;K01C8.6,13.4
1133,20.3,daf-16;daf-2;F59A3.3,13.5
1134,20.3,daf-16;daf-2;B0511.8,13.9
1135,20.3,daf-16;daf-2;Y47G6A.10,13.4
1136,20.3,daf-16;daf-2;F26E4.4,13.0
1137,20.3,daf-16;daf-2;C56E6.1,13.6
1138,20.3,daf-16;daf-2;K11B4.1,13.2
1139,20.3,daf-16;daf-2;B0491.5,13.0
1140,20.3,eat-2;Y39G10AR.8,30.2
1141,20.3,eat-2;D2085.3,28.1
1142,20.3,eat-2;D2013.7,32.3
1143,20.3,eat-2;C09D4.5,28.3
1144,20.3,eat-2;W01B11.3,30.8
1145,20.3,eat-2;F59C6.4,29.2
1146,20.3,eat-2;Y48G1A.4,27.3
1147,20.3,eat-2;C47D12.6,25.3
1148,20.3,eat-2;F22D6.3,29.2
1149,20.3,eat-2;C48E7.2,30.2
1150,20.3,eat-2;F14B4.3,29.1
1151,20.3,eat-2;R53.4,32.8
1152,20.3,eat-2;F59C6.5,28.2
1153,20.3,eat-2;ZK973.10,29.8
1154,20.3,eat-2;C01F1.2,26.7
1155,20.3,eat-2;K01C8.6,28.9
1156,20.3,eat-2;F59A3.3,29.4
1157,20.3,eat-2;B0511.8,28.7
1158,20.3,eat-2;Y47G6A.10,28.6
1159,20.3,eat-2;F26E4.4,27.4
1160,20.3,eat-2;C56E6.1,29.1
1161,20.3,eat-2;K11B4.1,29.4
1162,20.3,eat-2;B0491.5,20.8
1163,15.9,clk-1;daf-2,35.0
1164,20.8,nuo-6;eat-2,48.7
1165,20.8,isp-1;nuo-6,30.2
1166,20.8,eat-2;isp-1,45.9
1167,21.6,nuo-6;isp-1,49.6
1168,21.6,eat-2;nuo-6,40.4
1169,14.66,daf-2;clk-2,54.0
1170,17.93,daf-2;clk-3,40.0
1171,17.93,daf-2;clk-4,40.0
1172,18.62,daf-2;clk-5,34.48
1173,17.24,daf-2;clk-7,41.37
1174,17.93,daf-2;clk-8,41.37
1175,20.68,daf-2;clk-9,48.96
1176,17.93,daf-2;clk-10,32.41
1177,15.86,daf-2;gro-1,34.48
1178,18.5,daf-2;nuo-6,47.3
1179,19.6,daf-2;isp-1,42.3
1180,19.6,daf-16;isp-1,29.6
1181,14.9,clk-1;clk-2,28.2
1182,14.9,clk-3;clk-1,22.7
1183,14.9,clk-3;clk-2,22.3
1184,14.9,gro-1;clk-2,12.3
1185,14.9,clk-3;gro-1,15.9
1186,14.9,age-1;fer-15;gro-1,34.1
1187,14.9,daf-16;clk-1,20.3
1188,14.9,daf-16;clk-3,19.2
1189,14.9,daf-16;gro-1,17.8
1190,14.9,daf-2;clk-1,43.3
1191,18.9,rsks-1;cyc-2.1,31.2
1192,18.9,daf-2;cyc-2.1,68.8
1193,18.9,daf-2;rsks-1;cyc-2.1,65.4
1194,18.9,atfs-1;cyc-2.1,19.8
1195,18.9,aak-2;cyc-2.1,15.9
1196,19.5,drp-1;cyc-2.1,28.6
1197,20.4,daf-2;rsks-1;dve-1,18.5
1198,20.4,daf-2;rsks-1;ubl-5,34.9
1199,20.4,daf-2;rsks-1;atfs-1,42.6
1200,18.0,rsks-1;gld-1,17.4
1201,18.0,daf-2;gld-1,39.3
1202,18.0,daf-2;rsks-1;gld-1,49.6
1203,19.09,atfs-1;cco-1,30.0
1204,12.07,daf-2;pie-1,18.12
1205,12.07,daf-2;pgl-1,18.94
1206,12.07,daf-2;pgl-2,18.54
1207,12.07,daf-2;pgl-3,19.08
1208,12.07,daf-2;isw-1,19.41
1209,12.07,daf-2;mes-4,19.25
1210,13.0,ins-6;daf-28,15.4
1211,14.7,daf-2;daf-16;daf-16,10.0
1212,19.31,eat-2;emb-8,27.04
1213,19.89,daf-7;nhr-8,19.41
1214,19.7,daf-2; rsks-1;hsf-1,10.0
1215,18.9,daf-16;ftt-1,14.0
1216,18.9,daf-2;ftt-1,25.4
1217,18.9,pdk-1;ftt-2,21.5
1218,18.9,pdk-1;ftt-1,24.7
1219,22.44,cep-1;clk-1,25.88
1220,19.42,gas-1;cep-1,16.06
1221,13.87,cep-1;gas-1,16.95
1222,17.15,cep-1;ftn-1;ftn-2,18.92
1223,17.15,isp-1;ftn-1;ftn-2,25.4
1224,17.15,cep-1;isp-1;ftn-1;ftn-2,23.16
1225,17.15,mev-1;ftn-1;ftn-2,14.11
1226,17.15,cep-1;mev-1;ftn-1;ftn-2,15.16
1227,22.41,gas-1;ftn-1;ftn-2,14.85
1228,22.41,nuo-6;ftn-1;ftn-2,20.57
1229,17.0,nuo-6;cep-1,17.57
1230,18.0,daf-16;sod-2,15.3
1231,21.8,sod-1;ire-1,21.5
1232,21.8,sod-1;xbp-1,27.8
1233,19.2,daf-16;D2030.4,21.5
1234,19.2,daf-16;T02H6.11,23.5
1235,19.2,daf-16;F26E4.6,22.1
1236,19.2,daf-16;F26E4.9,25.3
1237,19.2,daf-16;W09C5.8,25.9
1238,19.2,daf-16;B0261.4,16.5
1239,19.2,daf-16;T06D8.6,16.5
1240,19.2,daf-16;F13G3.7,13.6
1241,19.2,daf-16;K01C8.7,16.4
1242,19.2,daf-16;F28B3.5,11.8
1243,19.2,daf-16;F57B10.3,12.3
1244,18.46,ced-4;nuo-6,24.48
1245,19.68,egl-1;isp-1,31.74
1246,19.24,egl-1;nuo-6,30.18
1247,20.44,ced-13;isp-1,24.8
1248,19.26,ced-13;nuo-6,27.32
1249,20.19,isp-1;ced-4;egl-1,26.39
1250,20.19,isp-1;ced-4;ced-13,26.32
1251,19.48,nuo-6;ced-4;egl-1,27.28
1252,20.08,nuo-6;ced-4;ced-13,26.42
1253,18.88,rrf3;cbp-1,13.5
1254,18.88,eat-2;cbp-1,13.63
1255,18.88,glp-1;cbp-1,17.94
1256,18.88,clk-1;cbp-1,15.09
1257,18.88,mev-1;cbp-1,14.0
1258,13.92,daf-2;cbp-1,16.9
1259,13.92,daf-2;dev-1,27.59
1260,13.92,rrf3;daf-16,11.36
1261,13.92,rrf3;dev-1,11.38
1262,13.92,rrf3;hsf-1,10.05
1263,20.84,daf-16;cbp-1,12.2
1264,19.12,rrf3;cbp-1;daf-16,14.75
1265,12.56,eak-3;akt-1,12.64
1266,25.47,eak-3;daf-16,16.24
1267,12.7,eak-3;daf-2,50.85
1268,12.7,eak-4;akt-1,13.1
1269,12.7,eak-6;akt-1,12.8
1270,19.21,age-1;drp-1,40.72
1271,19.21,daf-2;drp-1,51.02
1272,19.21,drp-1;daf-16,12.1
1273,19.21,age-1;drp1;daf-16,12.86
1274,19.21,daf-2;drp-1;daf-16,16.34
1275,15.15,drp-1;age-1,33.49
1276,15.03,isp-1;ctb-1;drp-1,26.9
1277,15.03,clk-1;drp-1,26.54
1278,19.7,daf-16;eat-2,23.6
1279,19.7,eat-2;clk-1,27.5
1280,21.9,clk-1;eat-2,26.5
1281,19.3,daf-16;ocr-2,13.7
1282,10.8,daf-16;osm-6,4.3
1283,12.5,daf-16;unc-31,7.6
1284,12.0,daf-12;daf-2,41.4
1285,22.0,daf-16;unc-64,20.0
1286,24.0,unc-64;daf-2,59.0
1287,24.0,unc-31;daf-2,47.0
1288,24.0,unc-64;unc-31,43.0
1289,18.8,daf-16;daf-10,17.4
1290,18.8,daf-16;daf-19,15.3
1291,18.8,daf-16;osm-3,19.2
1292,18.8,daf-16;osm-5,18.7
1293,18.8,daf-16;tax-4,17.3
1294,18.8,daf-10;daf-2,37.2
1295,18.8,osm-3;daf-2,40.0
1296,14.1,scl-1;daf-2,19.0
1297,13.6,pep-2;daf-2,31.9
1298,13.6,daf-16;pep-2,9.3
1299,13.6,pep-2;let-363,22.2
1300,11.0,daf-16;daf-2; pep-2,9.8
1301,17.6,daf-16;jnk-1,14.5
1302,17.6,jnk-1;daf-2,53.3
1303,14.9,jnk-1;akt-1;akt-2,38.8
1304,14.0,daf-16;tub-1,11.4
1305,14.0,tub-1;daf-2,31.7
1306,14.0,rgb-3;tub-1,16.8
1307,14.1,cku-70;rrf-3,15.5
1308,14.1,cku-70;daf-2,32.6
1309,14.1,cku-70;daf-16,12.8
1310,14.1,cku-70;daf-16; daf-2,14.5
1311,14.1,cku-80;rrf-3,14.7
1312,14.1,cku-80;daf-2,22.5
1313,14.1,cku-70;glp-4; daf-2,37.0
1314,14.1,cku-80;glp-4; daf-2,33.1
1315,17.6,let-60;daf-2,13.8
1316,17.6,sos-1;daf-2,29.8
1317,17.6,sem-5;daf-2,27.4
1318,8.9,daf-16;lin-14,8.4
1319,8.9,lin-14;daf-2,23.0
1320,14.6,lin-14;lin-4,16.6
1321,9.5,lin-4;lin-14,9.0
1322,21.6,lin-14;daf-16,16.7
1323,16.0,lin-4;daf-2,13.8
1324,16.0,lin-4;daf-16,6.1
1325,18.3,smk-1;daf-2,26.6
1326,18.3,smk-1;isp-1,26.1
1327,17.5,smk-1;cyc-1,25.6
1328,17.5,daf-16;cyc-1,25.7
1329,18.3,smk-1;clk-1,16.6
1330,18.3,smk-1;daf-16,10.6
1331,18.3,hsf-1;daf-16,8.0
1332,19.3,cst-1;daf-2,20.7
1333,16.3,cst-1;daf-16,13.9
1334,16.3,cst-1;age-1,21.1
1335,16.67,ifta-2;daf-2,24.64
1336,18.96,ifta-2;daf-16,19.95
1337,18.96,ifta-2;osm-5,24.15
1338,16.7,odr-3;gpc-1,20.3
1339,16.7,gpa-11;gpc-1,20.9
1340,16.7,gpc-1;gpa-11,17.9
1341,16.7,gpa-1;gpc-1,20.3
1342,16.7,odr-3;gpa-1,21.3
1343,16.7,gpa-1;gpa-11,16.9
1344,16.7,gpa-11;gpa-1,21.5
1345,16.7,gpa-11;odr-3,25.8
1346,17.5,daf-16;gpc-1,17.8
1347,17.5,daf-16;odr-3,13.6
1348,17.5,daf-16;gpa-11,14.2
1349,17.5,daf-16;gpa-1,19.0
1350,18.0,gpa-1;daf-2,37.9
1351,18.0,odr-3;daf-2,49.6
1352,18.0,gpa-11;daf-2,33.9
1353,18.0,gpa-11;daf-2;odr-3,44.5
1354,19.1,daf-16;rle-1,15.7
1355,16.4,daf-3;daf-7,14.9
1356,15.0,daf-16;daf-7,13.0
1357,16.8,daf-3;daf-2,46.6
1358,14.9,bec-1;eat-2,14.7
1359,17.2,Ce-atg7;eat-2,15.8
1360,18.2,par-5;sir-2.1,16.4
1361,18.2,par-5;daf-2,44.1
1362,18.2,ife-2;daf-2,46.6
1363,18.2,ife-2;age-1,27.5
1364,11.6,ife-2;glp-4,14.3
1365,18.2,ife-2;daf-16,22.7
1366,18.2,ife-2;clk-1,29.7
1367,18.2,ife-2;eat-2,27.2
1368,18.2,ife-2;let-363;dpy-5;unc-13,21.3
1369,11.6,let-363;ife-2,19.2
1370,18.2,rsks-1;ife-2,27.6
1371,18.2,rskn-1;ife-2,26.9
1372,18.2,mnk-1;ife-2,25.2
1373,11.6,mnk-1;glp-4,10.9
1374,17.2,smk-1;eat-2,16.1
1375,18.1,pha-4;eat-2,13.7
1376,21.5,pha-4;daf-2,30.8
1377,21.6,pha-4;cyc-1,29.2
1378,20.5,pha-4;isp-1,23.4
1379,20.7,rpn-1;daf-2,15.0
1380,20.7,rpn-2;daf-2,15.3
1381,20.7,rpn-3;daf-2,16.3
1382,20.7,rpn-5;daf-2,35.3
1383,20.7,rpn-6;daf-2,13.4
1384,20.7,rpn-7;daf-2,14.2
1385,20.7,rpn-8;daf-2,15.8
1386,20.7,rpn-9;daf-2,32.2
1387,20.7,rpn-10;daf-2,32.6
1388,20.7,rpn-11;daf-2,15.6
1389,20.7,rpn-12;daf-2,36.7
1390,20.7,rpt-1;daf-2,15.0
1391,20.7,rpt-2;daf-2,33.2
1392,20.7,rpt-3;daf-2,16.0
1393,20.7,rpt-4;daf-2,15.6
1394,20.7,rpt-5;daf-2,15.1
1395,20.7,rpt-6;daf-2,15.8
1396,20.7,pas-1;daf-2,33.8
1397,20.7,pas-5;daf-2,15.7
1398,20.7,pas-6;daf-2,13.5
1399,20.7,pas-7;daf-2,34.0
1400,20.7,pbs-2;daf-2,13.0
1401,20.7,pbs-3;daf-2,11.9
1402,20.7,pbs-4;daf-2,12.2
1403,20.7,pbs-5;daf-2,12.5
1404,20.7,pbs-6;daf-2,16.9
1405,20.7,pbs-7;daf-2,12.4
1406,20.7,rpn-1;glp-1,15.8
1407,20.7,rpn-2;glp-1,15.1
1408,20.7,rpn-3;glp-1,15.8
1409,20.7,rpn-5;glp-1,23.8
1410,20.7,rpn-6;glp-1,13.9
1411,20.7,rpn-7;glp-1,15.0
1412,20.7,rpn-8;glp-1,14.8
1413,20.7,rpn-9;glp-1,16.7
1414,20.7,rpn-10;glp-1,20.2
1415,20.7,rpn-11;glp-1,13.7
1416,20.7,rpn-12;glp-1,21.0
1417,20.7,rpt-1;glp-1,15.0
1418,20.7,rpt-2;glp-1,21.0
1419,20.7,rpt-3;glp-1,14.2
1420,20.7,rpt-4;glp-1,12.8
1421,20.7,rpt-5;glp-1,15.0
1422,20.7,rpt-6;glp-1,14.2
1423,20.7,pas-1;glp-1,22.5
1424,20.7,pas-5;glp-1,14.8
1425,20.7,pas-6;glp-1,13.2
1426,20.7,pas-7;glp-1,21.1
1427,20.7,pbs-2;glp-1,14.0
1428,20.7,pbs-3;glp-1,12.6
1429,20.7,pbs-4;glp-1,15.4
1430,20.7,pbs-5;glp-1,14.1
1431,20.7,pbs-6;glp-1,15.6
1432,20.7,pbs-7;glp-1,14.9
1433,18.6,cul-1;daf-2,21.5
1434,18.6,cul-2;daf-2,27.6
1435,18.6,cul-3;daf-2,25.2
1436,18.6,cul-4;daf-2,26.2
1437,18.6,cul-5;daf-2,27.7
1438,18.6,cul-6;daf-2,26.2
1439,18.6,cul-1;glp-1,22.8
1440,18.6,cul-2;glp-1,25.1
1441,18.6,cul-3;glp-1,20.9
1442,18.6,cul-4;glp-1,24.6
1443,18.6,cul-5;glp-1,26.5
1444,18.6,cul-6;glp-1,25.9
1445,20.7,lin-23;daf-2,24.3
1446,14.7,"R13H8.1, daf-16;daf-2",11.7
1447,14.7,"Y76A2A.2, cua-1;daf-2",11.0
1448,14.7,F28D1.9;daf-2,12.0
1449,14.7,Y61A9LA.5;daf-2,13.5
1450,14.7,BE10.2;daf-2,15.2
1451,14.7,"T07D3.7, alg-2;daf-2",19.0
1452,14.7,"F39H11.2, tlf-1;daf-2",19.3
1453,14.7,F40F12.7;daf-2,19.9
1454,14.7,F52C6.2;daf-2,21.0
1455,14.7,"F41E6.4, smk-1;daf-2",21.3
1456,14.7,"M01E5.5, top-1;daf-2",22.2
1457,14.7,C14A4.9;daf-2,22.4
1458,14.7,C25H3.6;daf-2,22.5
1459,14.7,F30A10.6;daf-2,22.6
1460,14.7,"F20B6.8, hpk-1;daf-2",22.8
1461,14.7,M57.2;daf-2,22.9
1462,14.7,"C05D11.2, vps-16;daf-2",23.8
1463,14.7,"ZK270.1, ptr-23;daf-2",23.8
1464,14.7,C29F9.2;daf-2,24.3
1465,14.7,"T01C8.1, aak-2;daf-2",24.5
1466,14.7,C29F9.1;daf-2,24.8
1467,14.7,"R09B3.5, mag-1;daf-2",24.8
1468,14.7,"R144.4, wip-1;daf-2",25.3
1469,14.7,"Y17G7B.5, mcm-2;daf-2",25.3
1470,14.7,B0464.7;daf-2,25.4
1471,14.7,Y42G9A.4;daf-2,25.6
1472,14.7,"C29E6.1, let-653;daf-2",25.7
1473,14.7,B0303.9;daf-2,26.5
1474,14.7,"F45E1.6, his-71;daf-2",27.0
1475,14.7,"F41H10.7, elo-5;daf-2",27.1
1476,14.7,K11D12.9;daf-2,27.2
1477,14.7,C31H2.1;daf-2,27.3
1478,14.7,D2085.5;daf-2,27.4
1479,14.7,"F44B9.3, cit-1.2;daf-2",27.7
1480,14.7,"Y119C1B.8, tag-332;daf-2",28.0
1481,14.7,Y54G2A.31;daf-2,28.3
1482,14.7,D1069.3;daf-2,28.4
1483,14.7,C38C3.5;daf-2,28.6
1484,14.7,R12B2.6;daf-2,29.3
1485,14.7,W06E11.4;daf-2,29.4
1486,14.7,"F20H11.3, mdh-1;daf-2",32.1
1487,14.7,"Y76A2A.2, cua-1;daf-2; daf-16",9.5
1488,14.7,F28D1.9;daf-2; daf-16,9.3
1489,14.7,Y61A9LA.5;daf-2; daf-16,9.2
1490,14.7,BE10.2;daf-2; daf-16,9.7
1491,14.7,"T07D3.7, alg-2;daf-2; daf-16",9.9
1492,14.7,"F39H11.2, tlf-1;daf-2; daf-16",9.8
1493,14.7,F40F12.7;daf-2; daf-16,10.2
1494,14.7,F52C6.2;daf-2; daf-16,10.4
1495,14.7,"F41E6.4, smk-1;daf-2; daf-16",9.4
1496,14.7,"M01E5.5, top-1;daf-2; daf-16",10.6
1497,14.7,C14A4.9;daf-2; daf-16,9.5
1498,14.7,C25H3.6;daf-2; daf-16,10.8
1499,14.7,F30A10.6;daf-2; daf-16,9.4
1500,14.7,"F20B6.8, hpk-1;daf-2; daf-16",9.2
1501,14.7,M57.2;daf-2; daf-16,9.1
1502,14.7,"C05D11.2, vps-16;daf-2; daf-16",9.1
1503,14.7,"ZK270.1, ptr-23;daf-2; daf-16",9.8
1504,14.7,C29F9.2;daf-2; daf-16,10.3
1505,14.7,"T01C8.1, aak-2;daf-2; daf-16",9.5
1506,14.7,C29F9.1;daf-2; daf-16,10.3
1507,14.7,"R09B3.5, mag-1;daf-2; daf-16",9.3
1508,14.7,"R144.4, wip-1;daf-2; daf-16",12.2
1509,14.7,"Y17G7B.5, mcm-2;daf-2; daf-16",10.1
1510,14.7,B0464.7;daf-2; daf-16,10.0
1511,14.7,Y42G9A.4;daf-2; daf-16,10.1
1512,14.7,"C29E6.1, let-653;daf-2; daf-16",9.3
1513,14.7,B0303.9;daf-2; daf-16,9.6
1514,14.7,"F45E1.6, his-71;daf-2; daf-16",10.0
1515,14.7,"F41H10.7, elo-5;daf-2; daf-16",9.3
1516,14.7,K11D12.9;daf-2; daf-16,10.2
1517,14.7,C31H2.1;daf-2; daf-16,9.8
1518,14.7,D2085.5;daf-2; daf-16,10.3
1519,14.7,"F44B9.3, cit-1.2;daf-2; daf-16",9.8
1520,14.7,"Y119C1B.8, tag-332;daf-2; daf-16",10.6
1521,14.7,Y54G2A.31;daf-2; daf-16,10.1
1522,14.7,D1069.3;daf-2; daf-16,10.1
1523,14.7,C38C3.5;daf-2; daf-16,10.8
1524,14.7,R12B2.6;daf-2; daf-16,10.6
1525,14.7,W06E11.4;daf-2; daf-16,9.5
1526,14.7,"F20H11.3, mdh-1;daf-2; daf-16",9.7
1527,14.7,"Y6D11A.2, arx-4;daf-2",13.8
1528,14.7,M05B5.2;daf-2,20.4
1529,14.7,F43D2.1;daf-2,24.2
1530,14.7,Y39G10AL.3;daf-2,28.8
1531,14.7,"C35C5.1, sdc-2;daf-2",32.3
1532,14.7,"F25D7.3, blmp-1;daf-2",32.4
1533,14.7,"Y6D11A.2, arx-4;daf-2; daf-16",4.9
1534,14.7,M05B5.2;daf-2; daf-16,5.5
1535,14.7,F43D2.1;daf-2; daf-16,6.4
1536,14.7,Y39G10AL.3;daf-2; daf-16,8.2
1537,14.7,"C35C5.1, sdc-2;daf-2; daf-16",76.0
1538,14.7,"F25D7.3, blmp-1;daf-2; daf-16",7.8
1539,14.7,"T23F2.1, tag-249;daf-2",7.2
1540,14.7,"Y80D3A.5, cyp-42A1;daf-2",8.6
1541,14.7,F33H2.8;daf-2,8.7
1542,14.7,"C03D6.3, cel-1;daf-2",8.9
1543,14.7,"H04M03.4, glf-1;daf-2",10.0
1544,14.7,"Y53C10A.12, hsf-1;daf-2",10.1
1545,14.7,T19B10.2;daf-2,10.6
1546,14.7,W04G3.2;daf-2,10.7
1547,14.7,C06A5.1;daf-2,11.1
1548,14.7,Y65B4A.3;daf-2,11.3
1549,14.7,C26B9.3;daf-2,12.2
1550,14.7,Y39C12A.2;daf-2,12.3
1551,14.7,"F19B6.2, ufd-1;daf-2",12.4
1552,14.7,C33H5.18;daf-2,12.7
1553,14.7,"Y66H1B.4, spl-1;daf-2",13.9
1554,14.7,"F28B12.3, vrk-1;daf-2",17.5
1555,14.7,F30A10.10;daf-2,18.4
1556,14.7,"W03C9.3, rab-7;daf-2",19.7
1557,14.7,CD4.4;daf-2,20.4
1558,14.7,C40H5.6;daf-2,20.5
1559,14.7,"Y56A3A.1, ntl-3;daf-2",21.1
1560,14.7,T27F7.1;daf-2,21.2
1561,14.7,F55B12.4;daf-2,21.8
1562,14.7,ZC250.3;daf-2,22.4
1563,14.7,C11H1.3;daf-2,22.7
1564,14.7,"C41G7.1, smn-1;daf-2",22.7
1565,14.7,"C10G11.5, pnk-1;daf-2",22.7
1566,14.7,Y77E11A.7;daf-2,22.8
1567,14.7,Y57G11C.13;daf-2,22.9
1568,14.7,"DY3.2, lmn-1;daf-2",23.0
1569,14.7,"M04B2.1, mep-1;daf-2",23.2
1570,14.7,"F40G9.11, mxl-2;daf-2",23.3
1571,14.7,"Y57G11C.10, gdi-1;daf-2",23.3
1572,14.7,"T01G9.4, npp-2;daf-2",23.3
1573,14.7,"F20H11.2, nsh-1;daf-2",23.3
1574,14.7,Y57A10A.19;daf-2,23.4
1575,14.7,"T27C4.4, egr-1;daf-2",23.6
1576,14.7,C01F1.1;daf-2,23.8
1577,14.7,C07A9.2;daf-2,23.9
1578,14.7,"ZC518.3, ccr-4;daf-2",23.9
1579,14.7,"K12D12.2, npp-3;daf-2",24.4
1580,14.7,"K12D12.3, col-84;daf-2",24.4
1581,14.7,F37C4.4;daf-2,25.0
1582,14.7,C27F2.5;daf-2,25.4
1583,14.7,H27M09.1;daf-2,26.2
1584,14.7,B0395.2;daf-2,27.2
1585,14.7,Y47G6A.18;daf-2,27.3
1586,14.7,"ZK593.7, lsm-7;daf-2",27.7
1587,14.7,"F17C11.8, tag-318;daf-2",27.7
1588,14.7,Y55F3AM.3;daf-2,27.8
1589,14.7,T22B11.2;daf-2,28.8
1590,14.7,"F32A5.1, ada-2;daf-2",28.8
1591,14.7,"F32A5.7, lsm-4;daf-2",28.8
1592,14.7,"Y65B4BR.4, wwp-1;daf-2",29.0
1593,14.7,"T10F2.3, ulp-1;daf-2",29.5
1594,14.7,M03F4.7;daf-2,30.0
1595,14.7,"C06G1.4, ain-1;daf-2",31.1
1596,14.7,"T23F2.1, tag-249;daf-2; daf-16",5.3
1597,14.7,"Y80D3A.5, cyp-42A1;daf-2; daf-16",6.2
1598,14.7,F33H2.8;daf-2; daf-16,8.1
1599,14.7,"C03D6.3, cel-1;daf-2; daf-16",8.3
1600,14.7,"H04M03.4, glf-1;daf-2; daf-16",6.5
1601,14.7,"Y53C10A.12, hsf-1;daf-2; daf-16",5.4
1602,14.7,T19B10.2;daf-2; daf-16,6.9
1603,14.7,W04G3.2;daf-2; daf-16,6.9
1604,14.7,C06A5.1;daf-2; daf-16,7.4
1605,14.7,Y65B4A.3;daf-2; daf-16,6.4
1606,14.7,C26B9.3;daf-2; daf-16,8.1
1607,14.7,Y39C12A.2;daf-2; daf-16,5.7
1608,14.7,"F19B6.2, ufd-1;daf-2; daf-16",5.6
1609,14.7,C33H5.18;daf-2; daf-16,8.4
1610,14.7,"Y66H1B.4, spl-1;daf-2; daf-16",8.1
1611,14.7,"F28B12.3, vrk-1;daf-2; daf-16",8.6
1612,14.7,F30A10.10;daf-2; daf-16,8.0
1613,14.7,"W03C9.3, rab-7;daf-2; daf-16",8.0
1614,14.7,CD4.4;daf-2; daf-16,7.5
1615,14.7,C40H5.6;daf-2; daf-16,8.3
1616,14.7,"Y56A3A.1, ntl-3;daf-2; daf-16",9.1
1617,14.7,T27F7.1;daf-2; daf-16,7.1
1618,14.7,F55B12.4;daf-2; daf-16,8.4
1619,14.7,ZC250.3;daf-2; daf-16,7.3
1620,14.7,C11H1.3;daf-2; daf-16,8.4
1621,14.7,"C41G7.1, smn-1;daf-2; daf-16",8.5
1622,14.7,"C10G11.5, pnk-1;daf-2; daf-16",8.0
1623,14.7,Y77E11A.7;daf-2; daf-16,8.6
1624,14.7,Y57G11C.13;daf-2; daf-16,9.2
1625,14.7,"DY3.2, lmn-1;daf-2; daf-16",8.6
1626,14.7,"M04B2.1, mep-1;daf-2; daf-16",8.4
1627,14.7,"F40G9.11, mxl-2;daf-2; daf-16",7.1
1628,14.7,"Y57G11C.10, gdi-1;daf-2; daf-16",9.4
1629,14.7,"T01G9.4, npp-2;daf-2; daf-16",7.7
1630,14.7,"F20H11.2, nsh-1;daf-2; daf-16",7.6
1631,14.7,Y57A10A.19;daf-2; daf-16,8.1
1632,14.7,"T27C4.4, egr-1;daf-2; daf-16",7.4
1633,14.7,C01F1.1;daf-2; daf-16,8.4
1634,14.7,C07A9.2;daf-2; daf-16,8.3
1635,14.7,"ZC518.3, ccr-4;daf-2; daf-16",8.4
1636,14.7,"K12D12.2, npp-3;daf-2; daf-16",8.7
1637,14.7,"K12D12.3, col-84;daf-2; daf-16",8.7
1638,14.7,F37C4.4;daf-2; daf-16,8.7
1639,14.7,C27F2.5;daf-2; daf-16,8.9
1640,14.7,H27M09.1;daf-2; daf-16,9.1
1641,14.7,B0395.2;daf-2; daf-16,8.6
1642,14.7,Y47G6A.18;daf-2; daf-16,8.6
1643,14.7,"ZK593.7, lsm-7;daf-2; daf-16",8.9
1644,14.7,"F17C11.8, tag-318;daf-2; daf-16",8.9
1645,14.7,Y55F3AM.3;daf-2; daf-16,9.2
1646,14.7,T22B11.2;daf-2; daf-16,9.3
1647,14.7,"F32A5.1, ada-2;daf-2; daf-16",8.6
1648,14.7,"F32A5.7, lsm-4;daf-2; daf-16",8.6
1649,14.7,"Y65B4BR.4, wwp-1;daf-2; daf-16",9.3
1650,14.7,"T10F2.3, ulp-1;daf-2; daf-16",8.6
1651,14.7,M03F4.7;daf-2; daf-16,8.3
1652,14.7,"C06G1.4, ain-1;daf-2; daf-16",8.8
1653,14.7,Y59A8B.2;daf-2,14.4
1654,14.7,T14G10.1;daf-2,26.4
1655,14.7,Y59A8B.2;daf-2; daf-16,7.5
1656,14.7,T14G10.1;daf-2; daf-16,8.9
1657,14.8,asm-3;daf-16,13.7
1658,16.2,asm-3;daf-2,40.1
1659,19.4,asm-3;age-1,69.6
1660,14.4,asm-3;pdk-1,21.7
1661,15.7,asm-3;akt-1,14.8
1662,17.4,asm-1;asm-3;rrf-3,22.7
1663,17.4,asm-2;asm-3;rrf-3,22.3
1664,17.4,daf-16;asm-3;rrf-3,12.8
1665,22.7,sod-3;daf-2,57.3
1666,22.7,sod-2;daf-2,41.0
1667,22.7,sod-2;daf-2;sod-3,56.3
1668,22.7,sod-4;daf-2,63.7
1669,13.37,akt-1;rict-1,21.62
1670,13.37,daf-16;rict-1,6.78
1671,20.0,hif-1;egl-9,19.2
1672,20.0,hif-1;skn-1,14.8
1673,17.7,sod-2;sod-1,29.3
1674,17.7,sod-3;sod-1,21.0
1675,17.7,sod-4;sod-1,17.5
1676,17.7,sod-5;sod-1,18.2
1677,17.7,sod-3;sod-2,25.1
1678,17.7,sod-4;sod-2,26.8
1679,17.7,sod-5;sod-2,24.6
1680,17.7,sod-5;sod-3,20.0
1681,17.7,sod-1;sod-2;sod-4,23.3
1682,17.7,sod-1;sod-3;sod-5,18.9
1683,17.7,sod-2;sod-3;sod-5,20.3
1684,17.7,sod-2;clk-1,43.7
1685,17.7,sod-2;isp-1,16.9
1686,17.7,sod-2;eat-2,41.0
1687,17.7,sod-2;glp-1,38.4
