Intervention(s),Wild Lifespan,Mutant Lifespan,Percent Change
ia04,14.0,17.3,23.571
sa307,14.0,14.5,3.571
sa307,14.6,14.5,-0.685
v33,14.4,10.0,-30.556
v33,12.4,6.6,-46.774
ok1255,12.5,15.0,20.0
ok1255,12.7,15.2,19.685
ok1255,13.6,15.2,11.765
ok1255,12.8,14.5,13.281
ok1255,12.8,14.7,14.844
ok1255,13.0,15.2,16.923
ok524,12.8,10.2,-20.313
ok524,13.0,11.3,-13.077
ok524,12.8,10.2,-20.313
ok524,13.0,11.3,-13.077
ok524,12.8,10.2,-20.313
ok524,13.0,11.3,-13.077
ok1255,12.8,15.1,17.969
ok1255,13.0,15.4,18.462
ar202,12.8,11.1,-13.281
ar202,13.0,10.2,-21.538
ar202,12.8,11.1,-13.281
ar202,13.0,10.2,-21.538
ar202,12.8,11.1,-13.281
ar202,13.0,10.2,-21.538
tm1011,13.5,12.0,-11.111
tm1011,16.5,15.0,-9.091
e1370,21.4,34.6,61.682
e1370,21.4,34.6,61.682
e1370,21.4,34.6,61.682
e1370,21.4,34.6,61.682
e1370,21.4,34.6,61.682
e1370,21.4,34.6,61.682
e1370,21.4,34.6,61.682
e1370,21.4,34.6,61.682
e1370,21.4,34.6,61.682
e1370,21.4,34.6,61.682
e1370,21.4,34.6,61.682
e1370,21.4,34.6,61.682
e1370,21.4,34.6,61.682
e1370,21.4,34.6,61.682
e1370,21.9,38.1,73.973
e1370,21.9,38.1,73.973
e1370,21.9,38.1,73.973
e1370,21.9,38.1,73.973
e1370,21.9,38.1,73.973
e1370,21.9,38.1,73.973
e1370,21.9,38.1,73.973
e1370,21.9,38.1,73.973
e1370,21.9,38.1,73.973
e1370,21.9,38.1,73.973
e1370,21.9,38.1,73.973
e1370,21.9,38.1,73.973
e1370,21.9,38.1,73.973
e1370,21.9,38.1,73.973
ad465,20.96,26.71,27.433
ad465,20.96,26.71,27.433
ad465,20.96,26.71,27.433
ad465,18.89,24.41,29.222
ad465,18.89,24.41,29.222
ad465,15.72,22.27,41.667
tm1818,14.58,17.49,19.959
tm1818,14.58,17.49,19.959
tm1818,16.49,16.29,-1.213
tm1818,16.49,16.29,-1.213
tm1818,14.92,17.25,15.617
tm1818,15.92,17.54,10.176
e1370,14.9,44.6,199.329
e1370,14.9,44.6,199.329
e1370,19.5,53.5,174.359
e1370,21.4,36.3,69.626
e1370,21.4,36.3,69.626
e1370,16.5,42.0,154.545
e1370,16.5,42.0,154.545
e1370,17.5,45.2,158.286
e1370,17.5,45.2,158.286
e1368,17.5,32.8,87.429
e1368,17.5,32.8,87.429
e1368,21.4,27.7,29.439
e1368,14.9,29.7,99.329
e1368,14.9,29.7,99.329
e1370,18.6,44.6,139.785
e1370,18.6,44.6,139.785
e1370,20.1,38.9,93.532
e1370,20.1,38.9,93.532
e1370,20.2,42.5,110.396
e1370,20.2,42.5,110.396
e1368,20.2,27.5,36.139
e1368,20.2,27.5,36.139
e1370,19.8,41.5,109.596
e1370,20.4,44.6,118.627
e1368,20.4,32.3,58.333
e1370,16.4,47.6,190.244
e1370,19.6,51.0,160.204
e1368,19.6,35.2,79.592
e1370,18.2,50.4,176.923
e1370,20.4,44.6,118.627
e1368,20.4,32.3,58.333
e1370,20.4,44.6,118.627
e1368,20.4,32.3,58.333
e1370,19.8,46.0,132.323
e1368,19.8,31.5,59.091
mu150,16.1,36.0,123.602
mu150,16.1,36.0,123.602
mu150,16.1,36.0,123.602
mu150,14.7,28.1,91.156
mu150,14.7,28.1,91.156
mu150,14.7,28.1,91.156
mu150,17.5,28.1,60.571
mu150,16.2,30.1,85.802
e1370,19.1,38.2,100.0
e1370,18.1,40.4,123.204
qm150,14.9,22.2,48.993
qm150,14.9,22.2,48.993
qm150,17.5,22.3,27.429
qm150,18.6,22.9,23.118
qm150,20.2,24.2,19.802
qm150,20.1,23.4,16.418
ad1116,21.4,24.0,12.15
ad1116,17.5,24.3,38.857
ad1116,18.6,24.2,30.108
ad1116,20.1,24.6,22.388
e1368,20.44,29.42,43.933
e1368,20.44,29.42,43.933
e1368,20.44,29.42,43.933
e1370,20.44,39.39,92.71
e1370,20.44,39.39,92.71
e1370,20.44,39.39,92.71
pk1426,20.44,19.53,-4.452
pk1426;e1368,20.44,38.62,88.943
pk1426,13.8,12.9,-6.522
pk1426;zu67,13.8,7.2,-47.826
pk1426;zu129,13.8,9.3,-32.609
pk1426;zu135,13.8,12.0,-13.043
e1370,16.33,50.75,210.778
e1370,16.16,50.96,215.347
mu86,16.33,11.08,-32.149
mu86,16.16,11.05,-31.621
mu86,16.24,9.98,-38.547
ok525,16.33,25.99,59.155
ok525,16.16,30.0,85.644
ok525,16.24,29.02,78.695
ok393,16.33,18.0,10.227
ok393,16.16,24.63,52.413
ok538,16.33,20.68,26.638
ok538,16.16,21.4,32.426
ok434,16.33,21.33,30.618
ok434,16.16,20.39,26.176
ok589,16.33,17.05,4.409
e2141,16.33,14.69,-10.043
e2141,16.16,14.72,-8.911
e2141,16.24,14.71,-9.421
ok589,10.95,12.15,10.959
ok589,10.95,12.3,12.329
ok589,10.95,11.91,8.767
ok589,10.95,12.15,10.959
ok589,10.95,12.3,12.329
ok589,10.95,11.91,8.767
ok589,10.95,12.15,10.959
ok589,10.95,12.3,12.329
ok589,10.95,11.91,8.767
e1368,18.5,26.5,43.243
e1368,18.5,26.5,43.243
e1368,18.5,26.5,43.243
e1370,26.5,38.0,43.396
e1370,22.1,37.4,69.231
e1370,21.5,34.3,59.535
e1370,29.2,43.6,49.315
e1370,24.9,33.4,34.137
m596,26.6,36.7,37.97
e1370,26.7,35.6,33.333
e1370,22.3,35.1,57.399
e1370,22.3,35.1,57.399
e1370,19.8,30.5,54.04
m596,25.7,41.8,62.646
m596,23.7,38.0,60.338
e1368,22.1,26.9,21.719
e1370,27.0,35.8,32.593
e1370,23.9,32.1,34.31
mu86;e1370,23.3,17.0,-27.039
e1370,23.3,41.7,78.97
e1368,24.5,32.9,34.286
e1368;zu135,24.5,19.9,-18.776
e1368,22.9,33.4,45.852
e1368;zu135,22.9,21.6,-5.677
tm420,11.5,13.9,20.87
tm3188,14.1,18.1,28.369
tm3188,14.7,19.4,31.973
tm3188,14.7,19.4,31.973
tm3188,14.7,18.0,22.449
tm3188,14.7,18.0,22.449
tm3188,14.7,18.0,22.449
mg306,14.7,26.5,80.272
tm3188,15.8,20.8,31.646
tm3188,18.3,23.1,26.23
tm3188,15.3,20.1,31.373
tm3188,18.3,20.1,9.836
tm3188,15.0,17.8,18.667
tm3188,15.0,17.8,18.667
mg306,15.0,21.3,42.0
mg306,15.0,21.3,42.0
mg338,14.0,17.2,22.857
tm3188,13.2,18.1,37.121
tm3188,14.6,20.8,42.466
tm3188,18.6,20.6,10.753
tm3188,15.3,20.1,31.373
tm3188,16.5,21.0,27.273
tm3188,14.7,17.5,19.048
tm3188,14.9,17.2,15.436
m577,20.0,24.2,21.0
e1368,20.0,36.7,83.5
e1370,20.0,43.2,116.0
mu86,20.0,17.1,-14.5
e1368,19.4,32.6,68.041
mgDf50,20.0,14.0,-30.0
mgDf50,20.0,14.0,-30.0
ok434,20.0,16.0,-20.0
ok434,20.0,16.0,-20.0
ok434,20.0,16.0,-20.0
e1370,20.0,41.0,105.0
e1370,20.0,41.0,105.0
e1370,20.0,41.0,105.0
e1370,14.6,28.5,95.205
e1370,14.6,28.5,95.205
e1370,14.6,28.5,95.205
e1370,14.6,28.5,95.205
e1370,14.6,28.5,95.205
e1370,14.6,28.5,95.205
e1370,14.6,28.5,95.205
e1370,14.6,30.7,110.274
e1370,14.6,30.7,110.274
e1370,14.6,30.7,110.274
e1370,14.6,30.7,110.274
e1370,14.6,30.7,110.274
e1370,14.6,30.7,110.274
e1370,14.6,30.7,110.274
e1370,14.6,30.7,110.274
e1370,13.3,33.9,154.887
e1370,13.3,33.9,154.887
e1370,13.3,33.9,154.887
e1370,13.3,33.9,154.887
e1370,13.3,33.9,154.887
e1370,13.3,33.9,154.887
e1370,13.3,33.9,154.887
e1370,13.3,33.9,154.887
e1370,16.1,24.1,49.689
e1370,16.1,24.1,49.689
e1370,15.5,29.6,90.968
e1370,15.5,29.6,90.968
e1370,18.1,30.3,67.403
vp1,14.2,12.6,-11.268
ade465,12.5,16.4,31.2
ade465,12.3,14.3,16.26
e1370,15.5,23.5,51.613
e1370,15.5,23.5,51.613
e1370,14.0,34.8,148.571
e1370,14.0,34.8,148.571
ad1116,17.2,28.3,64.535
qm150,18.4,26.2,42.391
ad1116,18.8,23.4,24.468
ad1116,18.8,23.4,24.468
ad1116,21.7,28.2,29.954
ad1116,21.7,28.2,29.954
qm150,21.7,32.4,49.309
e1370,18.74,46.39,147.545
e1370,16.87,47.3,180.379
mgdf50,16.36,13.86,-15.281
mgdf50,16.36,13.86,-15.281
mgdf50,17.04,13.26,-22.183
e1390,16.87,15.93,-5.572
e1390,18.99,17.42,-8.268
e1386,18.99,14.71,-22.538
e1386,18.99,16.75,-11.796
e1370;mgdf90,18.99,49.86,162.559
e1370;mgdf90,18.99,50.88,167.93
ad1116,16.24,28.94,78.202
ad1116,19.02,26.8,40.904
ad1113,19.02,24.16,27.024
ad1113,16.24,22.98,41.502
ad465,16.65,28.76,72.733
ad465,16.24,25.44,56.65
kn1,19.02,14.36,-24.501
kn1,16.24,17.76,9.36
fc21,19.02,19.27,1.314
fc21,16.56,14.94,-9.783
qm30,16.56,33.04,99.517
qm30,16.41,24.98,52.224
zu169,16.56,17.86,7.85
zu169,18.21,18.25,0.22
ok2165,17.48,16.22,-7.208
ok2165,17.49,20.35,16.352
ok186,17.48,17.53,0.286
ok186,17.49,19.2,9.777
ok1396,17.48,16.69,-4.519
ok1396,17.49,15.93,-8.919
ju145,17.48,16.16,-7.551
ju145,17.49,18.14,3.716
ia3,17.48,18.43,5.435
ia3,17.49,17.1,-2.23
ok3091,17.48,17.16,-1.831
ok3091,17.49,19.77,13.036
pk18,17.48,17.56,0.458
pk18,17.49,16.93,-3.202
sy441,19.69,17.85,-9.345
sy441,18.25,19.11,4.712
ad1116,17.48,24.38,39.474
ad1116,18.28,24.4,33.479
ad1116,18.37,24.4,32.825
ad1116,17.59,24.62,39.966
ne219,19.02,20.01,5.205
ne219,16.24,16.58,2.094
ne219,16.56,20.01,20.833
ne219,16.24,16.58,2.094
ne219,19.6,20.01,2.092
ne219,18.28,16.58,-9.3
nr2041,20.91,12.91,-38.259
nr2041,19.6,13.45,-31.378
m130,20.91,20.34,-2.726
m130,19.6,18.23,-6.99
e1370,12.76,35.2,175.862
e1370,11.91,31.74,166.499
e1368,18.76,28.34,51.066
e1368,18.74,30.25,61.419
e2141,20.34,24.83,22.075
e2141,20.49,24.67,20.4
ft15,25.1,28.5,13.546
mg306,25.1,30.0,19.522
ft15,20.7,21.5,3.865
mg306,20.7,32.2,55.556
ft15,16.6,15.9,-4.217
mg306,20.3,24.1,18.719
pk924,18.7,20.6,10.16
pk924,18.7,20.6,10.16
pk924,18.7,20.6,10.16
sy441,16.5,13.5,-18.182
sy441,18.0,14.9,-17.222
sy441,17.2,13.1,-23.837
cg116,18.5,29.6,60.0
cg116,18.8,31.1,65.426
cg116,19.0,29.1,53.158
cg116,18.2,30.8,69.231
cg116,19.5,27.8,42.564
cg116,17.1,26.6,55.556
zu225,16.49,14.7,-10.855
zu225,14.04,16.58,18.091
hx546;b26,12.0,24.0,100.0
e1370,12.0,29.0,141.667
e1370,19.0,39.0,105.263
hx546;b26,12.0,27.0,125.0
e1370,19.0,39.0,105.263
hx546;b26,14.0,23.0,64.286
hx546;b26,25.0,31.0,24.0
ad609,14.69,16.2,10.279
ad609,14.31,16.32,14.046
ad609,14.89,17.74,19.14
ad609,14.39,16.11,11.953
ok769;ad609,14.69,20.24,37.781
ok769;ad609,14.31,23.61,64.99
ok769;ad609,14.89,22.54,51.377
ok769;ad609,14.39,20.06,39.402
215F,13.73,18.49,34.669
215F,13.44,17.95,33.557
215F,14.43,14.7,1.871
215F,13.44,15.15,12.723
215F,13.73,15.21,10.779
ad609,13.76,15.54,12.936
ad609,13.32,13.72,3.003
ad609,12.57,15.2,20.923
ad609,16.34,16.94,3.672
ad609,15.36,16.97,10.482
ad609,15.43,18.77,21.646
ad609,13.76,15.54,12.936
ad609,13.32,13.72,3.003
ad609,12.57,15.2,20.923
ad609,16.34,16.94,3.672
ad609,15.36,16.97,10.482
ok769;ad609,13.76,19.26,39.971
ok769;ad609,13.32,18.43,38.363
ok769;ad609,12.57,22.46,78.679
ad609,10.36,12.32,18.919
ad609,11.54,12.17,5.459
ad609,12.38,12.78,3.231
ad609,14.73,19.18,30.21
ad609,13.53,17.69,30.746
ad609,14.15,13.35,-5.654
ad609,19.74,19.76,0.101
ad609,20.49,21.4,4.441
ad609,21.8,22.43,2.89
ad609,17.53,20.69,18.026
ad609,18.19,24.97,37.273
ad609,20.73,20.74,0.048
ad609,13.85,15.18,9.603
ad609,13.51,16.48,21.984
ad609,13.26,15.0,13.122
ok769;ad609,13.85,18.69,34.946
ok769;ad609,13.51,18.65,38.046
ok769;ad609,13.26,18.81,41.855
ad609,13.85,15.18,9.603
ad609,13.51,16.48,21.984
ad609,13.26,15.0,13.122
mu86;ad609,13.85,16.03,15.74
mu86;ad609,13.51,13.86,2.591
mu86;ad609,13.26,14.0,5.581
e1370,13.85,30.82,122.527
e1370,13.51,31.39,132.346
e1370,13.26,31.68,138.914
e1370,13.85,30.82,122.527
e1370,13.51,31.39,132.346
e1370,13.26,31.68,138.914
ad609,14.69,16.03,9.122
ad609,15.41,18.78,21.869
ad609,14.03,14.07,0.285
ad609,13.67,16.23,18.727
ad609,13.48,14.12,4.748
ad609,14.69,16.03,9.122
ad609,14.21,18.78,32.16
ad609,13.27,14.07,6.029
ok769;ad609,14.69,22.13,50.647
ok769;ad609,14.21,23.08,62.421
ok769;ad609,13.27,21.97,65.561
ad609,13.48,14.07,4.377
ad609,15.41,16.23,5.321
ad609,14.03,14.12,0.641
ok769;ad609,13.48,21.97,62.982
ok769;ad609,15.41,20.59,33.615
ok769;ad609,14.03,22.1,57.52
e1370,31.0,49.0,58.065
e1370,31.0,49.0,58.065
ok525,14.7,15.5,5.442
mgDf50,14.7,11.4,-22.449
xuEx601,18.7,23.8,27.273
xuEx606,18.7,21.1,12.834
xuEx601,22.8,25.0,9.649
mgDf47,19.8,14.8,-25.253
mgDf47,19.8,14.8,-25.253
mgDf47,19.9,17.1,-14.07
mgDf47,19.9,17.1,-14.07
ok538,19.6,15.6,-20.408
ok538,19.6,15.6,-20.408
ok538,19.7,17.4,-11.675
ok538,19.7,17.4,-11.675
xuEx1266,20.4,25.8,26.471
xuEx1266,19.8,24.4,23.232
oy21,15.35,16.42,6.971
oy21,15.35,16.42,6.971
n498;n1186,19.65,19.31,-1.73
ok999,18.66,17.3,-7.288
ok999,27.18,23.75,-12.62
ok999,20.0,17.0,-15.0
ok999,14.37,15.2,5.776
mg306,20.66,26.0,25.847
ok393,18.18,25.75,41.639
gk-7,19.33,15.77,-18.417
ok999,20.55,17.5,-14.842
ok328,20.55,16.66,-18.929
e1370,21.09,41.09,94.832
e1370,21.09,41.09,94.832
tm1422,10.2,14.3,40.196
tm1422,10.2,14.3,40.196
tm1422,21.4,25.6,19.626
tm1422,10.2,14.3,40.196
pk1417,12.8,12.9,0.781
bp283,17.3,20.1,16.185
bp283,17.3,20.1,16.185
bp283;e1370,17.3,36.7,112.139
e1406,20.9,27.7,32.536
e1406,23.9,28.4,18.828
e1406,22.8,33.8,48.246
m81; e1282,12.6,16.4,30.159
m81; e1282,12.6,16.4,30.159
tm311,17.39,26.6,52.961
tm1530,17.39,24.5,40.886
tm1530,13.5,24.5,81.481
mgDf47,13.5,15.0,11.111
tm1516,13.5,14.2,5.185
mgDf47,13.5,15.0,11.111
e1370,14.8,46.0,210.811
e1370,14.8,46.0,210.811
e1370,20.0,46.0,130.0
tm1530,20.0,24.8,24.0
tm1530;e1370,20.0,65.0,225.0
tm1530,17.85,24.64,38.039
tm1516,17.85,12.14,-31.989
ad465,20.0,30.0,50.0
ad465,20.0,30.0,50.0
ad465,20.0,30.0,50.0
ad465,20.0,30.0,50.0
ad465,20.0,30.0,50.0
ad465,20.0,30.0,50.0
pk1426;mgDf47,12.67,10.25,-19.1
pk1426;mgDf47,12.67,10.25,-19.1
pk1426;mgDf47,12.67,10.25,-19.1
pk1426;mgDf47,12.67,10.25,-19.1
pk1426;mgDf47,12.67,10.25,-19.1
pk1426;mgDf47,12.67,10.25,-19.1
pk1426;mgDf47,12.67,10.25,-19.1
pk1426;mgDf47,12.67,10.25,-19.1
pk1426;mgDf47,12.67,10.25,-19.1
pk1426;mgDf47,12.67,10.25,-19.1
pk1426;mgDf47,12.67,10.25,-19.1
pk1426;mgDf47,12.67,10.25,-19.1
pk1426;mgDf47,12.67,10.25,-19.1
pk1426;mgDf47,12.67,10.25,-19.1
pk1426;mgDf47,11.73,10.25,-12.617
pk1426;mgDf47,11.73,10.25,-12.617
pk1426;mgDf47,11.73,10.25,-12.617
pk1426;mgDf47,11.73,10.25,-12.617
pk1426;mgDf47,11.73,10.25,-12.617
pk1426;mgDf47,11.73,10.25,-12.617
pk1426;mgDf47,11.73,10.25,-12.617
pk1426;mgDf47,11.73,10.25,-12.617
pk1426;mgDf47,11.73,10.25,-12.617
pk1426;mgDf47,11.73,10.25,-12.617
pk1426;mgDf47,11.73,10.25,-12.617
pk1426;mgDf47,11.73,10.25,-12.617
pk1426;mgDf47,11.73,10.25,-12.617
pk1426;mgDf47,11.73,10.25,-12.617
pk1426;mgDf47,11.73,10.25,-12.617
pk1426;mgDf47,11.73,10.25,-12.617
pk1426;mgDf47,11.73,10.25,-12.617
pk1426;mgDf47,11.73,10.25,-12.617
pk1426;mgDf47,11.73,10.25,-12.617
pk1426;mgDf47,11.73,10.25,-12.617
pk1426;mgDf47,11.73,10.25,-12.617
pk1426;mgDf47,11.73,10.25,-12.617
pk1426;mgDf47,11.73,10.25,-12.617
pk1426;mgDf47,11.73,10.25,-12.617
pk1426;mgDf47,11.73,10.25,-12.617
tm1978,14.4,15.7,9.028
tm1978,16.0,16.0,0.0
tm1978,19.2,20.5,6.771
tm1978,17.6,18.8,6.818
e2141,14.16,21.11,49.082
e2141,17.5,25.9,48.0
e2141,16.8,24.8,47.619
e2141,16.1,22.0,36.646
e2141,17.42,17.42,0.0
e2141,16.7,19.4,16.168
e2141,17.9,17.3,-3.352
e2141,15.8,20.5,29.747
sv31,17.22,20.83,20.964
sv31,17.9,21.5,20.112
sv31,17.3,21.4,23.699
sv31,15.4,20.8,35.065
qm30,16.3,24.6,50.92
qm150,14.4,25.7,78.472
qm30,15.3,21.4,39.869
qm150,15.8,23.7,50.0
qm30,16.3,24.6,50.92
qm150,14.4,25.7,78.472
qm30,14.4,17.9,24.306
qm150,16.3,26.3,61.35
qm30,15.3,21.4,39.869
qm150,15.8,23.7,50.0
qm30,18.1,33.0,82.32
qm150,18.1,25.4,40.331
e1370,15.3,40.9,167.32
ad1116,15.8,27.5,74.051
p813,15.3,21.5,40.523
e2141,15.3,21.6,41.176
qm30,15.3,21.4,39.869
qm150,15.3,23.7,54.902
qm30,15.3,21.4,39.869
qm150,15.3,25.7,67.974
cxTi9279,23.6,29.0,22.881
cxTi9279,23.6,29.0,22.881
cxTi9279,22.9,28.3,23.581
cxTi9279,23.6,29.0,22.881
cxTi9279,22.6,27.2,20.354
cxTi9279,22.6,27.2,20.354
ok524,19.7,15.7,-20.305
mu86,25.4,15.6,-38.583
cxTi9279,20.3,27.8,36.946
cxTi9279,20.3,27.8,36.946
cxTi9279,20.3,27.8,36.946
cxTi9279,20.3,27.8,36.946
cxTi9279,20.3,27.8,36.946
cxTi9279,20.3,27.8,36.946
cxTi9279,20.3,27.8,36.946
cxTi9279,20.3,27.8,36.946
cxTi9279,20.3,27.8,36.946
mu86,20.3,13.1,-35.468
mu86,20.3,13.1,-35.468
mu86,20.3,13.1,-35.468
mu86,20.3,13.1,-35.468
mu86,20.3,13.1,-35.468
mu86,20.3,13.1,-35.468
mu86,20.3,13.1,-35.468
mu86,20.3,13.1,-35.468
mu86,20.3,13.1,-35.468
ok524,20.3,17.1,-15.764
ok524,20.3,17.1,-15.764
ok524,20.3,17.1,-15.764
ok524,20.3,17.1,-15.764
ok524,20.3,17.1,-15.764
ok524,20.3,17.1,-15.764
ok524,20.3,17.1,-15.764
ok524,20.3,17.1,-15.764
ok524,20.3,17.1,-15.764
ok1255,20.3,28.1,38.424
ok1255,20.3,28.1,38.424
ok1255,20.3,28.1,38.424
ok1255,20.3,28.1,38.424
ok1255,20.3,28.1,38.424
ok1255,20.3,28.1,38.424
e1370,20.3,49.9,145.813
e1370,20.3,49.9,145.813
e1370,20.3,49.9,145.813
e1370,20.3,49.9,145.813
e1370,20.3,49.9,145.813
e1370,20.3,49.9,145.813
e1370,20.3,49.9,145.813
e1370,20.3,49.9,145.813
gm150,20.3,29.3,44.335
gm150,20.3,29.3,44.335
gm150,20.3,29.3,44.335
gm150,20.3,29.3,44.335
gm150,20.3,29.3,44.335
gm150,20.3,29.3,44.335
gm150,20.3,29.3,44.335
gm150,20.3,29.3,44.335
gm150,20.3,29.3,44.335
ad1116,20.3,31.3,54.187
ad1116,20.3,31.3,54.187
ad1116,20.3,31.3,54.187
ad1116,20.3,31.3,54.187
ad1116,20.3,31.3,54.187
ad1116,20.3,31.3,54.187
ad1116,20.3,31.3,54.187
ad1116,20.3,31.3,54.187
ad1116,20.3,31.3,54.187
bn17,16.5,24.8,50.303
bn17,16.6,17.5,5.422
bn17,14.5,15.5,6.897
e2141,18.7,22.3,19.251
e2141,18.8,22.6,20.213
e2141,20.2,21.7,7.426
e2141,18.3,21.9,19.672
e2141,17.9,24.0,34.078
e2141,19.2,20.3,5.729
e2141,18.3,21.9,19.672
e2141,17.9,24.0,34.078
e2141,19.2,20.3,5.729
e2141,17.9,24.0,34.078
e2141,18.5,24.2,30.811
e2141,19.2,20.3,5.729
e2141,18.3,21.9,19.672
e2141,20.4,24.2,18.627
e2141,18.6,23.6,26.882
e2141,18.3,21.9,19.672
e2141,20.4,24.2,18.627
e2141,18.6,23.6,26.882
e2141,17.9,24.0,34.078
e2141,18.5,24.2,30.811
e2141,19.2,20.3,5.729
e2141,19.7,21.7,10.152
m79,11.3,16.3,44.248
m79,12.1,17.7,46.281
n1540,10.5,12.9,22.857
n1540,11.8,12.6,6.78
n1540,13.8,15.5,12.319
n1540,12.8,15.3,19.531
e1370,11.6,33.3,187.069
e1370,11.8,21.0,77.966
mu86,11.7,9.5,-18.803
ok524,11.2,10.8,-3.571
sy441,11.0,7.3,-33.636
km25,12.4,12.4,0.0
sa191,20.7,23.4,13.043
sa191,20.7,23.4,13.043
e1370,12.2,19.8,62.295
mg198,12.2,10.0,-18.033
tm1907,11.77,16.66,41.546
tm1907; tm339,11.77,13.54,15.038
tm339,16.0,18.0,12.5
tm339,10.0,10.0,0.0
e2141,16.59,20.0,20.555
ad1116,13.96,16.34,17.049
e1370,22.4,38.4,71.429
mu86,19.0,15.0,-21.053
e1370,21.36,39.72,85.955
mu86,19.62,15.59,-20.54
ad1116,15.37,17.02,10.735
e2141,13.71,16.36,19.329
ag3,17.27,14.96,-13.376
ok593,17.27,17.36,0.521
km25,17.27,16.96,-1.795
ok169,17.27,16.52,-4.343
km4,17.27,17.74,2.721
tm3036,17.27,17.73,2.664
e408,17.27,16.31,-5.559
n2259,21.5,30.16,40.279
n2259,18.97,32.12,69.32
ok186,18.81,13.97,-25.731
e1370,19.13,41.36,116.205
mgDf50,19.55,15.18,-22.353
n2259,19.25,28.21,46.545
n2259,19.61,25.63,30.699
n2259,17.14,21.87,27.596
op236,13.0,15.7,20.769
e2141,14.05,18.65,32.74
bn2ts,14.05,16.35,16.37
ok161,22.8,30.0,31.579
ad465,20.8,25.06,20.481
ok161,17.5,26.25,50.0
ok161,21.6,29.2,35.185
e1370,22.0,28.4,29.091
e1370,28.0,36.0,28.571
nr2037,8.5,6.2,-27.059
nr2037,12.7,5.8,-54.331
hx546,23.2,32.1,38.362
hx546,23.2,32.1,38.362
e1370,23.2,34.3,47.845
zls3000,23.2,28.0,20.69
hx546,13.5,25.5,88.889
mgDf50,13.5,8.4,-37.778
ok161,18.0,21.8,21.111
ok161,18.0,21.8,21.111
ok1255,19.2,21.0,9.375
ok1255,19.2,21.0,9.375
sa680,17.0,27.0,58.824
sc13; mg44,12.0,18.0,50.0
sc13; mg44,12.0,18.0,50.0
ad465,19.5,23.8,22.051
ad465,19.3,24.4,26.425
ad465,19.5,23.8,22.051
ad465,19.3,24.4,26.425
ad465,19.5,23.8,22.051
ad465,19.3,24.4,26.425
hx546,17.1,20.3,18.713
hx546,17.3,20.4,17.919
hx546,17.1,20.3,18.713
hx546,17.3,20.4,17.919
hx546,17.1,20.3,18.713
hx546,17.3,20.4,17.919
e2519,17.2,22.3,29.651
e2519,16.1,20.1,24.845
tm2984,22.0,18.8,-14.545
tm2984,22.1,18.9,-14.48
tm2984,22.0,18.8,-14.545
tm2984,22.1,18.9,-14.48
tm2990,22.0,19.1,-13.182
tm2990,22.1,19.0,-14.027
tm2990,22.0,19.1,-13.182
tm2990,22.1,19.0,-14.027
ok837,22.0,18.0,-18.182
ok837,22.1,17.0,-23.077
ok837,22.0,18.0,-18.182
ok837,22.1,17.0,-23.077
ok1207,15.9,20.9,31.447
ok1207,15.9,20.9,31.447
ok1474,15.9,12.9,-18.868
ok1207,15.9,20.9,31.447
ok1474,15.9,12.9,-18.868
ok1207,15.9,20.9,31.447
ok1474,15.9,12.9,-18.868
ok1207,15.9,20.9,31.447
ok1474,15.9,12.9,-18.868
ok1207,15.9,20.9,31.447
ok1207,15.9,20.9,31.447
e2141ts,21.6,31.0,43.519
e1368,16.9,30.6,81.065
e1368,22.5,28.8,28.0
e1368,22.5,24.4,8.444
e1370,16.9,43.0,154.438
e1370,22.5,43.8,94.667
e1370,17.9,40.6,126.816
nr2041,16.9,11.6,-31.361
e2141ts,21.6,31.0,43.519
e2141ts,21.6,31.0,43.519
nr2041,17.0,12.9,-24.118
nr2041,17.0,12.9,-24.118
nr2041,17.0,12.9,-24.118
nr2041,16.9,11.6,-31.361
nr2041,16.9,11.6,-31.361
nr2041,16.9,11.6,-31.361
ky10,22.3,23.0,3.139
ky10;ak47,17.47,26.0,48.827
ok198,15.4,10.8,-29.87
ok198,14.4,8.8,-38.889
ok198,14.2,8.4,-40.845
ok198,14.3,10.6,-25.874
ok198,14.2,8.4,-40.845
ok198,12.0,9.5,-20.833
ok198,12.7,8.6,-32.283
ok198,12.7,8.6,-32.283
ok198,14.5,9.9,-31.724
bn2ts,10.0,11.97,19.7
mgDf50,22.57,11.14,-50.642
pk924,14.3,17.8,24.476
pk924,14.3,17.8,24.476
pk924,13.9,17.5,25.899
pk924,13.9,17.5,25.899
pk924,14.4,19.7,36.806
pk924,14.4,19.7,36.806
pk924,14.4,19.7,36.806
pk924,14.4,19.7,36.806
pk924,14.4,19.7,36.806
pk924,14.5,18.0,24.138
pk924,14.5,18.0,24.138
pk924,14.5,18.0,24.138
pk924,14.5,18.0,24.138
pk924,14.5,18.0,24.138
pk924,14.3,18.2,27.273
pk924,14.3,18.2,27.273
pk924,14.3,18.2,27.273
pk924,14.3,18.2,27.273
pk924,14.3,18.2,27.273
pk924,15.4,18.4,19.481
pk924,15.4,18.4,19.481
pk924,15.4,18.4,19.481
pk924,15.4,18.4,19.481
pk924,15.4,18.4,19.481
pk924,15.1,18.9,25.166
pk924,15.1,18.9,25.166
pk924,15.1,18.9,25.166
pk924,15.1,18.9,25.166
pk924,15.1,18.9,25.166
pk924,15.0,18.9,26.0
pk924,15.0,18.9,26.0
pk924,15.0,18.9,26.0
pk924,15.0,18.9,26.0
pk924,15.0,18.9,26.0
pk924,15.1,19.4,28.477
pk924,15.1,19.4,28.477
pk924,15.1,19.4,28.477
pk924,15.1,19.4,28.477
pk924,15.1,19.4,28.477
pk924,18.6,22.5,20.968
pk924,18.6,22.5,20.968
pk924,18.6,22.5,20.968
pk924,18.6,25.0,34.409
pk924,18.6,25.0,34.409
pk924,18.6,25.0,34.409
pk924,16.7,18.3,9.581
e1370,16.7,30.3,81.437
pk924,16.8,18.0,7.143
e1370,16.8,26.1,55.357
pk924,16.8,18.1,7.738
e1370,16.8,28.4,69.048
pk924,15.8,22.2,40.506
pk924,15.8,22.2,40.506
pk924,15.1,19.8,31.126
pk924,15.1,19.8,31.126
pk924,15.5,21.0,35.484
zu67,23.08,20.48,-11.265
mgDf47,23.39,20.67,-11.629
zu67,22.93,20.13,-12.211
mgDf47,22.93,18.09,-21.108
mgDf47; zu67,22.93,18.65,-18.666
zu67,23.67,18.96,-19.899
mgDf47,23.67,20.61,-12.928
zu67,23.67,18.96,-19.899
mgDf47,23.67,20.61,-12.928
bn18,22.56,28.54,26.507
bn18,19.46,26.46,35.971
bn18,20.98,28.73,36.94
ok1251,23.96,23.13,-3.464
zu67,22.09,20.67,-6.428
zu67,23.15,19.37,-16.328
zu67,23.44,20.28,-13.481
zu67,22.67,20.76,-8.425
zu67,23.44,20.28,-13.481
zu67,23.08,17.71,-23.267
zu67,24.77,20.11,-18.813
zu67,23.08,17.71,-23.267
zu67,24.77,20.11,-18.813
mgDf47,22.09,15.57,-29.516
mgDf47,23.15,18.63,-19.525
mgDf47,23.44,20.0,-14.676
mgDf47,23.44,20.0,-14.676
mgDf47,23.58,20.49,-13.104
mgDf47,23.16,21.7,-6.304
mgDf47,23.08,19.15,-17.028
mgDf47,22.87,19.7,-13.861
mgDf47,24.77,22.09,-10.82
mgDf47,23.08,19.15,-17.028
mgDf47,22.87,19.7,-13.861
mgDf47,24.77,22.09,-10.82
mgDf47; zu67,22.09,18.27,-17.293
mgDf47; zu67,23.15,19.05,-17.711
mgDf47; zu67,22.93,20.09,-12.386
mgDf47; zu67,22.17,20.5,-7.533
mgDf47; zu67,22.93,20.09,-12.386
mgDf47; zu67,22.17,20.5,-7.533
ne219,21.56,23.72,10.019
bn18,19.46,26.46,35.971
bn18,21.36,29.35,37.406
bn18,21.83,30.2,38.342
bn18,21.83,30.2,38.342
bn18,22.26,27.29,22.597
bn18,23.78,27.93,17.452
ok1251,23.95,22.43,-6.347
ok1251,23.96,23.74,-0.918
ok1251,23.95,22.43,-6.347
ok1251,23.96,23.74,-0.918
rr48,17.2,12.6,-26.744
ok524,17.2,17.9,4.07
tm1994,17.2,16.5,-4.07
tm1994; ok524,17.2,14.6,-15.116
it57,17.2,16.6,-3.488
ky289,16.4,15.8,-3.659
gk270,16.4,12.1,-26.22
ok849,16.4,15.2,-7.317
ok691,18.4,9.9,-46.196
ok524,17.2,15.4,-10.465
ok524,17.2,15.4,-10.465
ok524,17.2,15.4,-10.465
ok524,17.2,15.4,-10.465
rr48,17.2,12.4,-27.907
rr48,17.2,12.4,-27.907
rr48,17.2,12.4,-27.907
rr48,17.2,12.4,-27.907
it57,17.2,16.8,-2.326
it57,17.2,16.8,-2.326
it57,17.2,16.8,-2.326
it57,17.2,16.8,-2.326
ky289,17.2,18.6,8.14
ky289,17.2,18.6,8.14
ky289,17.2,18.6,8.14
ky289,17.2,18.6,8.14
gk270,17.2,13.0,-24.419
gk270,17.2,13.0,-24.419
gk270,17.2,13.0,-24.419
gk270,17.2,13.0,-24.419
ok849,17.2,14.2,-17.442
ok849,17.2,14.2,-17.442
ok849,17.2,14.2,-17.442
ok849,17.2,14.2,-17.442
e2141ts,18.5,27.21,47.081
e2141ts,19.81,26.19,32.206
e1370,18.48,37.39,102.327
ok524,20.62,16.72,-18.914
e1370,15.1,38.2,152.98
e1370,15.1,38.2,152.98
e1370,16.1,40.0,148.447
e1370,16.1,40.0,148.447
tm1714,19.9,23.3,17.085
sy441,19.4,14.3,-26.289
sy441,20.2,14.7,-27.228
tm1714,16.9,20.2,19.527
tm1714,18.2,22.3,22.527
tm1714,19.4,22.4,15.464
tm1714,20.2,25.2,24.752
tm1714,17.7,22.0,24.294
tm1714,17.8,18.0,1.124
tm1714,17.8,21.4,20.225
tm1714,16.2,18.5,14.198
sy441,18.6,12.8,-31.183
sy441,18.7,12.2,-34.759
sy441,18.6,12.8,-31.183
sy441,18.7,12.2,-34.759
sy441,18.4,11.6,-36.957
sy441,17.7,13.2,-25.424
sy441,18.4,11.6,-36.957
sy441,17.7,13.2,-25.424
tm1714,17.8,21.4,20.225
tm1714,16.2,18.5,14.198
tm1714,17.8,21.4,20.225
tm1714,16.2,18.5,14.198
tm1714,16.9,20.2,19.527
tm1714,18.2,22.3,22.527
tm1714,19.9,23.3,17.085
tm1714,20.3,22.3,9.852
tm1714,17.8,21.4,20.225
tm1714,16.2,18.5,14.198
e1370,16.5,29.51,78.848
ok485,16.5,15.36,-6.909
ok485,16.5,15.36,-6.909
ok485,11.97,13.84,15.622
rh50,19.89,18.63,-6.335
ok186,19.89,13.72,-31.021
ad1116,17.08,21.5,25.878
zu135,22.64,20.29,-10.38
zu135,22.3,21.02,-5.74
mgDf47,22.51,19.74,-12.306
mgDf47,23.55,21.07,-10.531
mgDf47; zu67,23.55,16.91,-28.195
mgDf47,22.62,18.88,-16.534
mgDf47; zu67,22.62,16.16,-28.559
ok165,10.0,11.6,16.0
ok165,13.3,16.7,25.564
ok165,12.2,16.3,33.607
ok165,12.9,16.7,29.457
e1370,20.0,38.33,91.65
qm150,15.82,24.84,57.016
m577,11.5,29.4,155.652
tm2658,14.3,12.6,-11.888
tm2658,14.2,12.5,-11.972
tm2658,13.5,13.1,-2.963
tm2658,14.4,12.6,-12.5
tm2658,15.1,12.5,-17.219
m577,11.1,29.5,165.766
m577,11.8,28.9,144.915
m577,11.7,29.9,155.556
m577,11.3,29.0,156.637
tm5539,9.7,10.8,11.34
m577,9.7,21.5,121.649
m577,9.7,21.5,121.649
m577,9.9,23.8,140.404
m577,9.9,23.8,140.404
tm5539,9.9,10.4,5.051
m577,9.9,23.8,140.404
m577; tm5539,9.9,18.2,83.838
ms23,20.49,20.91,2.05
ms23,20.49,20.91,2.05
ms23,20.49,20.91,2.05
ms23,17.78,17.98,1.125
ms23,17.78,17.98,1.125
ms23,17.78,17.98,1.125
ms23,17.78,17.98,1.125
ms23,17.78,17.98,1.125
ms23,17.78,17.98,1.125
ms23,19.28,20.16,4.564
ms23,19.28,20.16,4.564
ms23,19.28,20.16,4.564
ms23,17.49,18.12,3.602
ms23,17.49,18.12,3.602
ms23,17.49,18.12,3.602
ms23,17.09,16.13,-5.617
ms23,17.09,16.13,-5.617
ms23,17.09,16.13,-5.617
ms23,17.79,19.16,7.701
ms23,17.79,19.16,7.701
ms23,17.79,19.16,7.701
ms23,17.79,19.16,7.701
ms23,17.79,19.16,7.701
ms23,18.72,18.57,-0.801
ms23,18.72,18.57,-0.801
ms23,18.72,18.57,-0.801
ms23,18.72,18.57,-0.801
ms23,18.72,18.57,-0.801
ms23,16.76,19.7,17.542
ms23,16.76,19.7,17.542
ms23,15.61,15.4,-1.345
ms23,15.61,15.4,-1.345
mg306,13.0,15.0,15.385
mg306,13.0,15.0,15.385
mg306,13.0,15.0,15.385
mg306,13.0,15.0,15.385
ia4,18.04,21.03,16.574
ia4,16.88,19.53,15.699
ia4,18.67,21.61,15.747
ia4,20.13,21.85,8.544
ia4,17.99,20.8,15.62
ia4,22.46,23.03,2.538
ia4,24.45,24.2,-1.022
ia4,22.39,20.92,-6.565
ia4,21.19,25.16,18.735
ia4,26.0,21.56,-17.077
ia4,22.67,21.89,-3.441
ia4,23.32,22.82,-2.144
ia4,31.07,33.32,7.242
ia4,34.48,34.9,1.218
ia4,28.69,28.47,-0.767
ia4,33.28,31.56,-5.168
ia4,31.98,31.95,-0.094
ia4,18.04,21.03,16.574
ia4,18.65,20.76,11.314
ia4,20.13,21.85,8.544
ia4,18.73,21.18,13.081
ia4,20.64,24.59,19.138
ia4,21.19,25.16,18.735
ia4,26.0,21.56,-17.077
ia4,22.67,21.89,-3.441
ia4,22.87,22.27,-2.624
ia4,31.07,33.32,7.242
ia4,34.48,34.9,1.218
ia4,28.69,28.47,-0.767
ia4,33.28,31.56,-5.168
ia4,31.98,31.95,-0.094
e1370,15.2,48.6,219.737
e1370,15.2,48.6,219.737
e1370,15.2,48.6,219.737
e1370,15.2,48.6,219.737
mgDf47,13.1,10.8,-17.557
ok559,13.6,16.3,19.853
e1370,13.9,30.3,117.986
ok559,14.5,16.0,10.345
ok559,14.5,16.0,10.345
mgDf47,14.7,9.2,-37.415
e1370,14.7,28.7,95.238
mg44,13.4,20.0,49.254
e2141,13.6,18.0,32.353
gk186,16.66,21.33,28.031
n487,17.33,14.33,-17.311
gk186,17.0,20.5,20.588
zu67,15.0,11.0,-26.667
mgDf50,13.75,11.5,-16.364
ok434,15.0,14.66,-2.267
gk138,15.0,17.66,17.733
zu67,15.9,12.3,-22.642
gk138,15.9,17.6,10.692
gk138,15.9,17.6,10.692
gk138,15.9,17.6,10.692
lg12501,17.0,19.1,12.353
gk186,16.3,19.5,19.632
gk186,16.3,19.5,19.632
n487,16.3,14.6,-10.429
n487,16.3,14.6,-10.429
ok1947,20.0,28.0,40.0
e1370,17.1,46.9,174.269
e246,16.2,40.3,148.765
s69,17.6,35.7,102.841
e450,17.6,38.9,121.023
s69,17.6,35.7,102.841
e450,17.6,38.9,121.023
s69; mu86,17.6,21.6,22.727
e450;mu86,17.6,23.9,35.795
ad465,16.2,22.6,39.506
ad1113,18.2,21.2,16.484
b26;hc17,17.5,21.3,21.714
b26;hc17,22.9,21.2,-7.424
b26;hc17,22.9,21.5,-6.114
b26;hc17,22.9,19.2,-16.157
ad1116,17.5,23.7,35.429
ad1116,17.5,31.1,77.714
ad1116,22.9,28.7,25.328
ad1116,19.7,22.4,13.706
ad1116,19.5,27.6,41.538
ad1116,24.5,27.6,12.653
ad1116,24.5,27.6,12.653
ad1116,24.5,22.4,-8.571
ad1116,24.5,22.4,-8.571
ad1116;pk1426,19.8,19.3,-2.525
m81;e138,21.4,23.5,9.813
m81;e138,21.4,23.5,9.813
m81;e138,19.9,21.8,9.548
m81;e138,20.6,22.6,9.709
m81;e138,21.4,25.1,17.29
m81;e138,20.6,22.6,9.709
ok1494,22.9,27.9,21.834
ok1494,22.9,27.9,21.834
ok1494,17.5,30.7,75.429
ok1494,17.5,30.7,75.429
mu150;b26;hc17,17.5,28.4,62.286
mu150;b26;hc17,19.7,31.0,57.36
mu150;b26;hc17,19.5,34.1,74.872
mu150;b26;hc17,19.8,32.7,65.152
e1370;ok1255,14.6,50.51,245.959
e1370;ok1255,19.02,46.29,143.375
e1370;ok1255,21.1,42.86,103.128
e1370;ok1255,22.98,49.6,115.84
p675,17.33,20.0,15.407
p675,16.8,14.9,-11.31
e1370,21.5,35.0,62.791
e1370,11.81,41.81,254.022
e1370,20.52,33.68,64.133
e1370,21.33,35.33,65.635
e1370,21.57,35.26,63.468
e1370,21.87,32.5,48.605
e1370,21.66,35.55,64.127
e2141,19.0,23.9,25.789
bn7,18.9,18.2,-3.704
bn7,18.9,24.2,28.042
rh61rh411,19.9,17.6,-11.558
rh50,19.9,18.5,-7.035
mgDf47,19.4,17.2,-11.34
zu67,19.4,16.1,-17.01
ok1251,19.4,19.0,-2.062
e1370,19.3,52.3,170.984
e2141,19.1,23.0,20.419
pk1417,19.1,19.4,1.571
mgDf47,18.8,16.8,-10.638
mu86,19.3,16.3,-15.544
ok1251,19.4,19.0,-2.062
zu67,19.5,16.3,-16.41
mgDf47,18.3,15.9,-13.115
mgDf47,19.3,17.9,-7.254
e2141,18.0,22.9,27.222
e2141,19.5,26.2,34.359
e2141,18.9,23.4,23.81
e2141,18.9,23.4,23.81
e2141,19.3,22.6,17.098
e2141,19.3,22.6,17.098
bn7,19.3,18.4,-4.663
bn7,19.3,24.5,26.943
bn7,18.5,18.1,-2.162
bn7,18.5,23.9,29.189
rh61rh411,20.4,18.0,-11.765
rh50,20.4,18.3,-10.294
rh61rh411,19.3,17.2,-10.881
rh50,19.3,18.8,-2.591
mgDf47,20.1,17.5,-12.935
zu67,20.1,16.0,-20.398
mgDf47,18.8,17.0,-9.574
zu67,18.8,16.4,-12.766
ok1251,20.1,19.7,-1.99
ok1251,20.1,19.7,-1.99
ok1251,18.8,18.1,-3.723
ok1251,18.8,18.1,-3.723
e1370,19.0,52.3,175.263
e1370,19.6,52.3,166.837
pk1417,19.0,19.1,0.526
pk1417,19.1,19.8,3.665
mu86,19.5,17.0,-12.821
mu86,19.4,16.7,-13.918
mu86,18.9,14.6,-22.751
zu67,18.6,14.6,-21.505
zu67,20.4,18.0,-11.765
e1370,20.3,33.9,66.995
e1370,20.3,33.9,66.995
e1370,20.3,33.9,66.995
e1370,20.3,33.9,66.995
e1370,20.3,33.9,66.995
e1370,20.3,33.9,66.995
e1370,20.3,33.9,66.995
e1370,20.3,33.9,66.995
e1370,20.3,33.9,66.995
e1370,20.3,33.9,66.995
e1370,20.3,33.9,66.995
e1370,20.3,33.9,66.995
e1370,20.3,33.9,66.995
e1370,20.3,33.9,66.995
e1370,20.3,33.9,66.995
e1370,20.3,33.9,66.995
e1370,20.3,33.9,66.995
e1370,20.3,33.9,66.995
e1370,20.3,33.9,66.995
e1370,20.3,33.9,66.995
e1370,20.3,33.9,66.995
e1370,20.3,33.9,66.995
e1370,20.3,33.9,66.995
mu86;e1370,20.3,11.9,-41.379
mu86;e1370,20.3,11.9,-41.379
mu86;e1370,20.3,11.9,-41.379
mu86;e1370,20.3,11.9,-41.379
mu86;e1370,20.3,11.9,-41.379
mu86;e1370,20.3,11.9,-41.379
mu86;e1370,20.3,11.9,-41.379
mu86;e1370,20.3,11.9,-41.379
mu86;e1370,20.3,11.9,-41.379
mu86;e1370,20.3,11.9,-41.379
mu86;e1370,20.3,11.9,-41.379
mu86;e1370,20.3,11.9,-41.379
mu86;e1370,20.3,11.9,-41.379
mu86;e1370,20.3,11.9,-41.379
mu86;e1370,20.3,11.9,-41.379
mu86;e1370,20.3,11.9,-41.379
mu86;e1370,20.3,11.9,-41.379
mu86;e1370,20.3,11.9,-41.379
mu86;e1370,20.3,11.9,-41.379
mu86;e1370,20.3,11.9,-41.379
mu86;e1370,20.3,11.9,-41.379
mu86;e1370,20.3,11.9,-41.379
mu86;e1370,20.3,11.9,-41.379
ad465,20.3,22.9,12.808
ad465,20.3,22.9,12.808
ad465,20.3,22.9,12.808
ad465,20.3,22.9,12.808
ad465,20.3,22.9,12.808
ad465,20.3,22.9,12.808
ad465,20.3,22.9,12.808
ad465,20.3,22.9,12.808
ad465,20.3,22.9,12.808
ad465,20.3,22.9,12.808
ad465,20.3,22.9,12.808
ad465,20.3,22.9,12.808
ad465,20.3,22.9,12.808
ad465,20.3,22.9,12.808
ad465,20.3,22.9,12.808
ad465,20.3,22.9,12.808
ad465,20.3,22.9,12.808
ad465,20.3,22.9,12.808
ad465,20.3,22.9,12.808
ad465,20.3,22.9,12.808
ad465,20.3,22.9,12.808
ad465,20.3,22.9,12.808
ad465,20.3,22.9,12.808
e2519,15.9,17.1,7.547
e2519,32.6,34.6,6.135
qm200,20.8,33.9,62.981
qm150,20.8,32.9,58.173
ad1116,20.8,29.4,41.346
qm200,21.6,32.1,48.611
qm150,21.6,32.9,52.315
ad1116,21.6,27.6,27.778
e1370,14.66,25.33,72.783
e1370,17.93,36.55,103.848
e1370,17.93,35.17,96.152
e1370,18.62,37.24,100.0
e1370,17.24,27.93,62.007
e1370,17.93,34.48,92.303
e1370,20.68,40.0,93.424
e1370,17.93,35.17,96.152
e1370,15.86,31.03,95.649
e1370,18.5,45.9,148.108
e1370,18.5,44.1,138.378
qm150,22.5,35.0,55.556
e1370,19.6,36.3,85.204
qm150,19.6,33.0,68.367
m26,19.6,17.0,-13.265
e2519,14.9,18.4,23.49
qm30,14.9,19.8,32.886
qm38,14.9,20.4,36.913
qm38,14.9,20.4,36.913
qm38,14.9,20.4,36.913
e2400,14.9,19.2,28.859
qm38,14.9,20.4,36.913
hx546;b26,14.9,26.3,76.51
e2519,16.1,17.3,7.453
qm30,16.1,19.3,19.876
qm38,16.1,19.9,23.602
qm38,16.1,19.9,23.602
qm38,16.1,19.9,23.602
qm38,16.1,19.9,23.602
e2519,22.0,29.3,33.182
qm30,22.0,31.0,40.909
m26,14.9,15.1,1.342
m26,14.9,15.1,1.342
m26,14.9,15.1,1.342
e1370,14.9,29.7,99.329
e1370,8.5,15.9,87.059
ok1255,18.9,22.4,18.519
ok1255,20.0,21.9,9.5
e1370,18.9,41.1,117.46
e1370,20.0,42.2,111.0
e1370;ok1255,18.9,68.1,260.317
e1370;ok1255,20.0,67.2,236.0
gk3094,18.9,19.1,1.058
gk3094,20.0,19.7,-1.5
ok524,18.9,15.9,-15.873
ok524,20.0,16.0,-20.0
tm1108,19.5,21.3,9.231
tm1108,18.7,21.4,14.439
tm1108,19.1,18.1,-5.236
e1370;ok1255,20.4,55.7,173.039
e1370;ok1255,19.8,49.9,152.02
e1370;ok1255,19.7,51.7,162.437
e1370;ok1255,20.4,55.7,173.039
e1370;ok1255,19.8,49.9,152.02
e1370;ok1255,19.7,51.7,162.437
e1370;ok1255,20.4,55.7,173.039
e1370;ok1255,19.8,49.9,152.02
e1370;ok1255,19.7,51.7,162.437
ok1255,18.0,21.2,17.778
ok1255,18.2,21.2,16.484
e1370,18.0,46.1,156.111
e1370,18.2,43.3,137.912
e1370;ok1255,18.0,65.2,262.222
e1370;ok1255,18.2,59.1,224.725
gk3094,19.09,19.09,0.0
e1368,12.07,21.11,74.896
e1368,12.07,21.11,74.896
e1368,12.07,21.11,74.896
e1368,12.07,21.11,74.896
e1368,12.07,21.11,74.896
e1368,12.07,21.11,74.896
e1368,12.07,21.11,74.896
e1368,12.07,21.11,74.896
e1370,12.07,27.48,127.672
e1370,12.07,27.48,127.672
e1370,12.07,27.48,127.672
e1370,12.07,27.48,127.672
e1370,12.07,27.48,127.672
e1370,12.07,27.48,127.672
e1370,12.07,27.48,127.672
e1370,12.07,28.44,135.626
e1370,12.07,28.44,135.626
e1370,12.07,28.44,135.626
e1370,12.07,28.44,135.626
e1370,12.07,28.44,135.626
e1370,12.07,28.44,135.626
e1370,12.07,28.44,135.626
tm2416,13.0,14.5,11.538
e1370,20.3,33.9,66.995
e1370,14.7,36.7,149.66
e1370,14.7,36.7,149.66
e1370;mgDf47,14.7,10.1,-31.293
ad1116,18.81,21.98,16.853
ad1116,19.26,23.84,23.78
rh50,19.89,18.63,-6.335
ad1116,19.31,25.38,31.434
ad1116,17.31,27.18,57.019
ok186,19.89,13.72,-31.021
e1372,19.89,19.97,0.402
e1370,19.7,39.1,98.477
e1370,18.9,45.8,142.328
e1370,19.7,39.1,98.477
e1370,18.9,45.8,142.328
e1370; tm1714,19.7,47.0,138.579
e1370; tm1714,18.9,49.4,161.376
tm1714,19.7,21.0,6.599
tm1714,18.9,20.1,6.349
mgDf50,18.9,13.9,-26.455
mgDf50,18.9,13.9,-26.455
e1365,18.9,31.3,65.608
e1365,18.9,31.3,65.608
e1370,18.9,28.6,51.323
e1370,18.9,28.6,51.323
sa709,18.9,21.5,13.757
sa709,18.9,21.5,13.757
mg142,18.9,19.1,1.058
mg142,18.9,19.1,1.058
mgDf50,19.0,13.0,-31.579
mgDf50,19.0,13.0,-31.579
e1365,19.0,28.6,50.526
e1365,19.0,28.6,50.526
e1370,19.0,26.1,37.368
e1370,19.0,26.1,37.368
gk138,22.56,21.2,-6.028
gk138,21.24,20.78,-2.166
gk138,22.44,21.36,-4.813
gk138,22.44,21.36,-4.813
gk138,21.89,19.81,-9.502
gk138,21.89,19.81,-9.502
gk138,22.56,21.2,-6.028
gk138,22.56,21.2,-6.028
gk138,22.56,21.2,-6.028
gk138,22.56,21.2,-6.028
gk138,21.4,20.78,-2.897
gk138,21.4,20.78,-2.897
gk138,21.4,20.78,-2.897
gk138,19.7,19.75,0.254
fc21,19.42,13.97,-28.064
fc21,19.42,13.97,-28.064
gk138,13.87,14.3,3.1
gk138,13.87,14.3,3.1
gk138,17.15,18.56,8.222
qm150,17.15,27.46,60.117
gk138;qm150,17.15,22.55,31.487
qm150,17.15,13.73,-19.942
gk138,17.15,18.56,8.222
gk138;qm150,17.15,15.78,-7.988
gk138,19.23,19.52,1.508
qm150,19.23,28.25,46.906
gk138;qm150,19.23,21.08,9.62
qm150,19.23,12.99,-32.449
qm150,19.23,19.52,1.508
gk138;qm150,19.23,16.1,-16.277
fc21,22.41,15.28,-31.816
qm150,22.41,13.11,-41.499
qm200,22.41,25.36,13.164
qm150,22.41,24.4,8.88
qm200,17.0,22.85,34.412
mgDf50,18.0,16.9,-6.111
wuIs152,21.8,32.6,49.541
wuIs152,21.8,32.6,49.541
wuIs152,19.7,25.4,28.934
wuIs152,19.7,25.4,28.934
mgDf47,19.2,12.5,-34.896
mgDf47,19.2,12.5,-34.896
mgDf47,19.2,12.5,-34.896
mgDf47,19.2,12.5,-34.896
mgDf47,19.2,12.5,-34.896
mgDf47,19.2,12.5,-34.896
mgDf47,19.2,12.5,-34.896
mgDf47,19.2,12.5,-34.896
mgDf47,19.2,12.5,-34.896
mgDf47,19.2,12.5,-34.896
mgDf47,19.2,12.5,-34.896
qm150,18.8,34.67,84.415
qm150,18.26,34.27,87.678
qm150,17.55,35.48,102.165
n1162,18.46,17.98,-2.6
n1162,18.7,18.54,-0.856
n1162,17.55,18.57,5.812
n1084n3082,19.68,19.16,-2.642
n1084n3082,19.08,19.1,0.105
n1084n3082,19.92,18.96,-4.819
n1084n3082,19.24,18.6,-3.326
n1084n3082,19.08,19.1,0.105
n1084n3082,19.92,18.96,-4.819
sv32,20.44,21.44,4.892
sv32,22.16,21.74,-1.895
sv32,19.5,20.34,4.308
sv32,19.26,19.44,0.935
sv32,20.16,19.92,-1.19
sv32,20.22,19.37,-4.204
qm150;n1162,20.19,25.97,28.628
qm150;n1162,20.48,27.02,31.934
qm150;n1162,20.74,26.02,25.458
qm150;n1162,20.19,25.97,28.628
qm150;n1162,20.48,27.02,31.934
qm150;n1162,20.74,26.02,25.458
qm200;n1162,19.48,31.34,60.883
qm200;n1162,20.0,31.9,59.5
qm200;n1162,19.44,31.18,60.391
qm200;n1162,20.08,26.22,30.578
qm200;n1162,21.08,26.4,25.237
qm200;n1162,19.08,27.19,42.505
pk1426,18.88,21.7,14.936
ad1113,18.88,25.9,37.182
e2141,18.88,23.29,23.358
e2519,18.88,28.47,50.794
kn-1,18.88,18.09,-4.184
e1370,13.92,36.26,160.489
e1370,13.92,36.26,160.489
e1370,13.92,36.26,160.489
e1370,13.92,36.26,160.489
pk1426,13.92,15.38,10.489
pk1426,13.92,15.38,10.489
pk1426,13.92,15.38,10.489
pk1426,13.92,15.38,10.489
pk1426,13.92,15.38,10.489
m26,20.84,12.84,-38.388
pk1426,19.12,21.7,13.494
pk1426,19.12,21.7,13.494
pk1426,19.12,21.7,13.494
mg344,12.56,11.84,-5.732
mg345,25.47,24.54,-3.651
mg344,12.7,13.7,7.874
mg348,12.7,12.9,1.575
mg306,12.7,13.7,7.874
mg306,12.7,13.7,7.874
mg329,12.7,12.9,1.575
hx546,19.21,26.89,39.979
e1370,19.21,34.67,80.479
tm1108,15.15,15.44,1.914
hx546,15.15,26.87,77.36
e1370,15.15,28.57,88.581
qm150; qm189,15.03,24.55,63.34
e2519,15.03,24.6,63.673
m26,20.8,19.0,-8.654
m26,19.7,17.4,-11.675
d465,21.9,26.3,20.091
d465,19.7,26.3,33.503
qm30,21.9,24.1,10.046
mgDf47,19.3,14.0,-27.461
mgDf47,19.2,14.1,-26.562
mgDf47,10.8,4.6,-57.407
mgDf47,12.5,7.5,-40.0
mgDf47,12.5,7.5,-40.0
mgDf47,10.8,4.6,-57.407
mgDf47,9.6,4.7,-51.042
e246,24.0,33.0,37.5
e928,24.0,35.0,45.833
lg601,13.6,14.2,4.412
m26,13.6,10.4,-23.529
lg601,13.6,14.2,4.412
m26,11.0,8.9,-19.091
lg601,11.0,9.0,-18.182
lg601,11.0,9.0,-18.182
mu86,14.0,11.4,-18.571
nr2004,14.0,16.8,20.0
e912,16.0,6.8,-57.5
e912,16.0,6.8,-57.5
tm1724,16.67,23.26,39.532
tm1724,18.96,23.02,21.414
tm1724,18.96,22.36,17.932
pk15,16.7,20.4,22.156
pk15,16.7,20.4,22.156
pkls539,16.7,17.5,4.79
pk349,16.7,16.8,0.599
pkls539,17.5,21.1,20.571
pkIs540,17.5,22.8,30.286
pk349,17.5,17.0,-2.857
mu86,17.5,15.8,-9.714
mu86,17.5,15.8,-9.714
mu86,17.5,15.8,-9.714
mu86,17.5,15.8,-9.714
n1605,18.0,19.9,10.556
pkls539,18.0,20.9,16.111
pkls539,18.0,20.9,16.111
pk349,18.0,18.5,2.778
pk349,18.0,18.5,2.778
KD,19.1,14.3,-25.131
KD,19.1,19.1,0.0
mgDf90,16.4,15.2,-7.317
mgDf90,15.4,12.9,-16.234
mgDf90,18.6,13.1,-29.57
mgDf90,24.8,16.6,-33.065
mgDf90,19.0,15.5,-18.421
mgDf90,16.6,14.4,-13.253
mu86,16.4,12.6,-23.171
mu86,18.9,18.0,-4.762
mu86,16.6,16.2,-2.41
mgDf90,16.8,16.0,-4.762
mgDf90,18.9,15.5,-17.989
mgDf90,16.6,14.4,-13.253
m26,19.0,17.0,-10.526
mu86,18.4,13.2,-28.261
ot1,20.7,19.1,-7.729
ot1,20.7,17.2,-16.908
ot1,16.3,13.0,-20.245
ot1,16.3,13.2,-19.018
ot1,16.2,14.7,-9.259
ot1,16.2,13.4,-17.284
ok1744,14.8,17.1,15.541
ok1744,16.2,18.7,15.432
ok1744,19.4,21.2,9.278
ok1744,14.4,16.7,15.972
ok1744,15.7,18.1,15.287
sj134,22.7,21.5,-5.286
sj173,22.7,22.5,-0.881
sj173,22.7,22.5,-0.881
gk101,22.7,21.9,-3.524
mg306,13.37,18.62,39.267
mg306,13.37,18.62,39.267
mgDf47,13.37,8.78,-34.331
mgDf47,13.37,8.78,-34.331
ia04,20.0,24.1,20.5
ia04,20.0,24.1,20.5
ia04,20.0,24.1,20.5
ia04,20.0,24.1,20.5
ok1030,17.7,27.2,53.672
tm760,17.7,17.1,-3.39
gk101,17.7,19.1,7.91
tm1246,17.7,16.4,-7.345
tm760,17.7,17.1,-3.39
gk101,17.7,19.1,7.91
tm1246,17.7,16.4,-7.345
tm1246,17.7,16.4,-7.345
tm783,17.7,17.3,-2.26
tm783,17.7,17.3,-2.26
ok1030,17.7,27.2,53.672
ok1030,17.7,27.2,53.672
ok1030,17.7,27.2,53.672
ok1030,17.7,27.2,53.672
ok1030,17.7,27.2,53.672
ok1030,17.7,27.2,53.672
mgDf47,13.6,10.5,-22.794
e1370,13.6,29.0,113.235
e138;m634,13.6,16.6,22.059
ok1255,14.0,17.1,22.143
ok1255,14.0,17.1,22.143
ad1116,14.6,18.2,24.658
ia04,14.0,17.8,27.143
ia04,14.4,17.5,21.528
ia04,14.9,17.8,19.463
e1370,12.5,33.6,168.8
e1370,12.7,34.9,174.803
e1370;ok1255,12.5,69.3,454.4
e1370;ok1255,12.7,70.0,451.181
e1370,13.6,26.7,96.324
e1370,12.8,28.8,125.0
ok1255,13.6,15.2,11.765
ok1255,12.8,14.5,13.281
e1370,13.6,26.7,96.324
e1370,12.8,28.8,125.0
e1370;ok1255,13.6,50.5,271.324
e1370;ok1255,12.8,50.0,290.625
e1370,12.8,31.8,148.438
e1370,13.0,33.7,159.231
ok1255,12.8,14.7,14.844
ok1255,13.0,15.2,16.923
e1370,12.8,31.8,148.438
e1370,13.0,33.7,159.231
e1370;ok1255,12.8,58.7,358.594
e1370;ok1255,13.0,53.4,310.769
e1370,12.8,34.4,168.75
e1370,13.0,33.1,154.615
 ok1255,12.8,15.1,17.969
 ok1255,13.0,15.4,18.462
e1370,12.8,34.4,168.75
e1370,13.0,33.1,154.615
e1370;ok1255,12.8,62.8,390.625
e1370;ok1255,13.0,61.6,373.846
e1370,23.8,38.9,63.445
e1370,23.8,38.9,63.445
e1370,23.7,35.9,51.477
e1370,23.7,35.9,51.477
e2141ts,13.5,20.0,48.148
e2141ts,16.5,20.0,21.212
tm1011,19.5,15.5,-20.513
tm1011,16.5,15.0,-9.091
e2141ts,13.0,29.5,126.923
e2141ts,13.0,29.0,123.077
e2141ts,18.0,23.5,30.556
e2141ts,18.5,24.0,29.73
e2141ts,19.9,23.7,19.095
e2141ts,19.9,23.7,19.095
e2141ts,19.5,27.0,38.462
e2141ts,19.5,27.0,38.462
e2141ts,20.8,20.0,-3.846
e2141ts,20.8,20.0,-3.846
e2141ts,19.5,23.6,21.026
e2141ts,19.5,23.6,21.026
tm1452,18.6,19.8,6.452
tm1452,18.6,19.8,6.452
tm1452,18.5,19.4,4.865
tm1452,18.5,19.4,4.865
e1368,16.7,33.1,98.204
tm1818,20.96,18.89,-9.876
tm1818,20.96,18.89,-9.876
tm1818,20.96,18.89,-9.876
zc12,14.9,14.8,-0.671
ok799,14.9,10.9,-26.846
ok799,19.5,13.7,-29.744
zc12,21.4,17.9,-16.355
zc12,21.4,17.9,-16.355
zc12,16.5,16.2,-1.818
ok799,16.5,13.2,-20.0
zc12,17.5,16.7,-4.571
ok799,17.5,10.9,-37.714
zc12,17.5,16.7,-4.571
ok799,17.5,10.9,-37.714
zc12,21.4,17.9,-16.355
zc12,14.9,15.8,6.04
ok799,14.9,11.3,-24.161
ok551,19.8,18.5,-6.566
ok275,16.4,21.8,32.927
ok275,19.6,19.6,0.0
ok275,19.6,19.6,0.0
ok275,18.2,20.1,10.44
ok799,14.9,11.3,-24.161
ok799,14.9,11.3,-24.161
ok799,17.5,10.9,-37.714
ok799,21.4,13.9,-35.047
ok799,17.5,10.9,-37.714
zu67,20.44,15.6,-23.679
zu129,20.44,17.67,-13.552
zu135,20.44,17.7,-13.405
zu67,20.44,15.6,-23.679
zu129,20.44,17.67,-13.552
zu135,20.44,17.7,-13.405
zu67,26.5,19.7,-25.66
zu67,22.1,17.1,-22.624
zu67,21.5,14.2,-33.953
zu129,29.2,16.4,-43.836
zu135,24.9,18.7,-24.9
zu135,26.6,16.2,-39.098
zu135,26.7,18.4,-31.086
zu129,22.3,19.4,-13.004
zu135,22.3,17.8,-20.179
zu135,19.8,14.4,-27.273
zu135,25.7,17.7,-31.128
zu135,23.7,15.3,-35.443
zu67,22.1,17.5,-20.814
zu67,27.0,17.9,-33.704
zu67,23.9,13.9,-41.841
tm3411,25.4,15.9,-37.402
tm3411,23.6,15.8,-33.051
zu135,24.5,19.3,-21.224
zu135,22.9,16.7,-27.074
mg306,14.1,24.0,70.213
mg306,14.7,26.5,80.272
ok393,14.7,21.8,48.299
mg455,14.7,9.4,-36.054
mg455,14.7,9.4,-36.054
e2141,15.8,27.6,74.684
e2141,18.3,27.6,50.82
mg344,15.3,15.8,3.268
mg344,18.3,16.4,-10.383
ok393,15.0,19.1,27.333
mg455,15.0,10.2,-32.0
mg455,15.0,10.2,-32.0
ok393,15.0,19.1,27.333
mgDf47,14.0,10.5,-25.0
mg337,14.6,16.2,10.959
mg337,18.6,15.8,-15.054
mg329,15.3,15.9,3.922
mg329,16.5,16.9,2.424
tm2447,14.7,14.2,-3.401
tm2447,14.9,12.0,-19.463
ok524,20.0,17.6,-12.0
ok524,20.0,17.6,-12.0
ok524,20.0,17.6,-12.0
ok524,20.0,17.6,-12.0
it47ts,19.4,18.0,-7.216
vp1,18.1,15.1,-16.575
mu86,16.6,13.3,-19.88
ft15,20.3,21.9,7.882
ft15,18.7,19.8,5.882
ok2916,19.0,23.4,23.158
ok2916,18.2,24.1,32.418
ok3235,19.5,24.0,23.077
ok3235,17.1,21.8,27.485
m26,12.0,13.0,8.333
e1375,12.0,10.0,-16.667
e1375,12.0,10.0,-16.667
e1370,14.0,35.0,150.0
e1370,25.0,43.0,72.0
ok769,13.76,16.9,22.82
ok769,13.32,16.1,20.871
ok769,12.57,12.2,-2.944
ok769,16.34,13.5,-17.381
ok769,15.36,15.8,2.865
ok769,15.43,14.2,-7.971
ok232,13.76,16.1,17.006
ok232,13.32,15.4,15.616
ok232,12.57,16.1,28.083
ok232,16.34,14.5,-11.261
ok232,15.36,14.9,-2.995
ok232,13.76,16.1,17.006
ok232,13.32,15.4,15.616
ok232,12.57,16.1,28.083
ok769,10.36,10.57,2.027
ok769,11.54,10.85,-5.979
ok769,12.38,12.5,0.969
ok769,14.73,13.08,-11.202
ok769,13.53,12.97,-4.139
ok769,14.15,13.08,-7.562
mu86,13.85,12.2,-11.913
mu86,13.51,10.06,-25.537
mu86,13.26,10.18,-23.228
mu86,13.85,12.2,-11.913
mu86,13.51,10.06,-25.537
mu86,13.26,10.18,-23.228
ad609,13.85,15.18,9.603
ad609,13.51,16.48,21.984
ad609,13.26,15.0,13.122
ok769;ad609,13.85,18.69,34.946
ok769;ad609,13.51,18.65,38.046
ok769;ad609,13.26,18.81,41.855
ia4,14.69,15.48,5.378
ia4,14.21,17.18,20.901
ia4,13.27,14.54,9.57
ia4,14.69,15.48,5.378
ia4,14.21,17.18,20.901
ia4,13.27,14.54,9.57
sa307,13.48,15.51,15.059
sa307,15.41,16.75,8.696
sa307,14.03,17.14,22.167
sa307,13.48,15.51,15.059
sa307,15.41,16.75,8.696
sa307,14.03,17.14,22.167
we3,31.0,28.0,-9.677
e1370,14.7,26.0,76.871
mg44d,14.7,20.7,40.816
m26,17.5,16.6,-5.143
ok393,14.7,14.2,-3.401
mgDf47,18.7,16.0,-14.439
mgDf47,18.7,16.0,-14.439
mgDf47,22.8,19.4,-14.912
xuEx913,19.8,27.1,36.869
xuEx916,19.8,25.0,26.263
xuEx913,19.9,23.4,17.588
xuEx916,19.9,22.7,14.07
xuEx601,19.6,25.2,28.571
xuEx913,19.6,25.9,32.143
xuEx601,19.7,25.1,27.411
xuEx913,19.7,26.4,34.01
mgDf47,20.4,17.5,-14.216
mgDf47,19.8,13.6,-31.313
xuEx601,15.35,22.85,48.86
xuEx619,15.35,23.92,55.831
xuEx601,19.65,22.41,14.046
xuEx913,18.66,25.33,35.745
ok328,27.18,22.81,-16.078
ok328,20.0,17.5,-12.5
ok328,14.37,13.95,-2.923
xuEx601,20.66,24.66,19.361
xuEx601,18.18,24.54,34.983
xuEx1266,20.55,25.27,22.968
xuEx1266,20.55,25.27,22.968
ok999,21.09,18.54,-12.091
xuEx601,21.09,24.36,15.505
mu86,17.3,12.7,-26.59
e1370,17.3,29.1,68.208
mu86,17.3,12.7,-26.59
e1376,20.9,22.3,6.699
m26,23.9,20.4,-14.644
m20,22.8,22.8,0.0
e1370; e1282,12.6,27.9,121.429
mgDf47; e1282,12.6,10.9,-13.492
tm1516,20.0,14.2,-29.0
tm1516,20.0,12.8,-36.0
tm1530,20.0,24.4,22.0
e2141,14.4,17.7,22.917
e2141,16.0,19.8,23.75
e2141,19.2,34.7,80.729
e2141,17.6,23.8,35.227
ia4,16.3,17.1,4.908
ia4,14.4,15.8,9.722
ok161,16.3,23.1,41.718
ok161,14.4,23.5,63.194
sa307,14.4,20.5,42.361
sa307,16.3,21.0,28.834
ia4,16.8,15.6,-7.143
ia4,19.6,19.2,-2.041
ok1387,11.3,15.4,36.283
ok1387,12.1,12.2,0.826
ok1387,10.5,14.0,33.333
ok1387,11.8,12.7,7.627
ok1387,13.8,14.4,4.348
ok1387,12.8,14.2,10.937
ok1387,11.6,15.3,31.897
ok1387,11.8,14.8,25.424
ok1387,11.7,16.6,41.88
ok1387,11.2,14.8,32.143
ok1387,11.0,14.7,33.636
ok1387,12.4,15.1,21.774
m26,20.7,18.0,-13.043
m20,20.7,21.7,4.831
tm339,11.77,11.77,0.0
e1370,16.0,42.33,164.562
e1370,10.0,31.6,216.0
ia4,22.8,20.0,-12.281
e1370,8.5,18.8,121.176
e1370,12.7,25.3,99.213
ok1474,15.9,12.9,-18.868
e1370,15.9,28.6,79.874
e1370,15.9,28.6,79.874
mu86,15.9,14.3,-10.063
mu86,15.9,14.3,-10.063
hx546,15.9,25.6,61.006
hx546,15.9,25.6,61.006
ok538,15.9,29.8,87.421
ok538,15.9,29.8,87.421
mg142,15.9,14.8,-6.918
mg144,15.9,11.5,-27.673
nr2041,21.6,14.4,-33.333
nr2041,16.9,10.7,-36.686
nr2041,22.5,12.2,-45.778
nr2041,22.5,9.5,-57.778
nr2041,16.9,10.7,-36.686
nr2041,22.5,12.2,-45.778
nr2041,17.9,9.5,-46.927
mu86,18.5,15.6,-15.676
ak47,22.3,23.0,3.139
hx546,14.2,17.6,23.944
e1368,14.3,25.3,76.923
gk7,14.2,11.6,-18.31
km2,12.0,9.5,-20.833
ks54,12.7,8.4,-33.858
ok434,14.3,13.3,-6.993
mgDf47,14.3,9.4,-34.266
ok434,13.9,12.8,-7.914
mgDf47,13.9,9.2,-33.813
ok434,14.4,15.6,8.333
ok434,14.4,15.6,8.333
ok434,14.4,15.6,8.333
ok434,14.4,15.6,8.333
mgDf47,14.4,9.1,-36.806
ok434,14.5,15.3,5.517
ok434,14.5,15.3,5.517
ok434,14.5,15.3,5.517
ok434,14.5,15.3,5.517
mgDf47,14.5,9.2,-36.552
ok434,14.3,14.2,-0.699
ok434,14.3,14.2,-0.699
ok434,14.3,14.2,-0.699
ok434,14.3,14.2,-0.699
mgDf47,14.3,9.2,-35.664
n4426,15.8,12.6,-20.253
n4426,15.8,12.6,-20.253
n4426,15.1,14.2,-5.96
n4426,15.1,14.2,-5.96
n4426,15.5,13.4,-13.548
pk1255,20.62,23.09,11.979
tm1714,19.4,22.4,15.464
tm1714,20.2,25.2,24.752
mu86,19.4,12.2,-37.113
mu86,20.2,13.3,-34.158
ok524,17.7,16.3,-7.91
ok524,17.8,14.5,-18.539
e1370,11.97,29.51,146.533
rh50,17.08,14.16,-17.096
zu135,22.43,19.87,-11.413
zu135,22.28,17.94,-19.479
vp1,20.0,17.0,-15.0
gk138,15.82,16.63,5.12
tm5539,11.5,11.8,2.609
m577,14.3,29.1,103.497
m577,14.2,31.2,119.718
m577,13.5,29.8,120.741
m577,14.4,28.7,99.306
m577,15.1,28.0,85.43
tm5539,11.1,11.2,0.901
tm5539,11.8,12.4,5.085
tm5539,9.9,10.4,5.051
qm150; qm189,20.49,27.23,32.894
qm150; qm189,20.49,27.23,32.894
qm150; qm189,20.49,27.23,32.894
qm150; qm189,17.78,25.98,46.119
qm150; qm189,17.78,25.98,46.119
qm150; qm189,17.78,25.98,46.119
qm150; qm189,17.78,25.98,46.119
qm150; qm189,17.78,25.98,46.119
qm150; qm189,17.78,25.98,46.119
qm150; qm189,19.28,29.63,53.683
qm150; qm189,19.28,29.63,53.683
qm150; qm189,19.28,29.63,53.683
qm150; qm189,17.49,23.98,37.107
qm150; qm189,17.49,23.98,37.107
qm150; qm189,17.49,23.98,37.107
qm150; qm189,17.09,21.74,27.209
qm150; qm189,17.09,21.74,27.209
qm150; qm189,17.09,21.74,27.209
qm150,17.79,25.43,42.945
qm150,17.79,25.43,42.945
qm150,17.79,25.43,42.945
qm150,17.79,25.43,42.945
qm150,17.79,25.43,42.945
qm150,18.72,25.5,36.218
qm150,18.72,25.5,36.218
qm150,18.72,25.5,36.218
qm150,18.72,25.5,36.218
qm150,18.72,25.5,36.218
qm150,16.76,25.15,50.06
qm150,16.76,25.15,50.06
qm150,15.61,19.63,25.753
qm150,15.61,19.63,25.753
mg348,13.0,13.5,3.846
ut187,13.0,13.75,5.769
mg227,13.0,13.75,5.769
mg329,13.0,13.5,3.846
ok161,18.04,25.53,41.519
ok161,16.88,22.83,35.249
ok161,18.67,25.94,38.939
ok161,20.13,22.98,14.158
ok161,17.99,24.28,34.964
ok161,22.46,31.51,40.294
ok161,24.45,32.81,34.192
ok161,22.39,27.43,22.51
ok161,21.19,26.38,24.493
ok161,26.0,28.77,10.654
ok161,22.67,27.5,21.306
ok161,23.32,30.31,29.974
ok161,31.07,45.45,46.283
ok161,34.48,49.7,44.142
ok161,28.69,47.5,65.563
ok161,33.28,51.79,55.619
ok161,31.98,48.51,51.689
mu86,18.04,14.98,-16.962
mu86,18.65,15.83,-15.121
mu86,20.13,16.68,-17.139
mu86,18.73,15.47,-17.405
mu86,20.64,18.75,-9.157
mu86,21.19,20.15,-4.908
mu86,26.0,18.19,-30.038
mu86,22.67,18.45,-18.615
mu86,22.87,18.57,-18.802
mu86,31.07,29.61,-4.699
mu86,34.48,30.98,-10.151
mu86,28.69,28.9,0.732
mu86,33.28,32.91,-1.112
mu86,31.98,30.34,-5.128
ok559,13.1,18.0,37.405
ok559,13.9,18.6,33.813
pk924,14.7,19.3,31.293
pk924,14.7,19.3,31.293
ok559,13.4,15.6,16.418
pk924,13.6,17.5,28.676
tm1978,20.0,18.0,-10.0
ok434,17.1,15.5,-9.357
ok434,16.2,15.4,-4.938
ok434,16.2,15.4,-4.938
ok434,18.2,17.9,-1.648
mu86,17.33,13.33,-23.081
mu86,16.8,13.2,-21.429
sy441,21.5,16.0,-25.581
tm783;ok1030;tm760;gk101;tm1146,11.81,13.63,15.411
km25,20.52,21.05,2.583
ok1558;ok1733,21.33,26.0,21.894
mu86,21.57,15.78,-26.843
gk15,21.87,14.37,-34.294
we3,21.66,18.88,-12.835
e1370,15.9,32.1,101.887
e1370,32.6,45.3,38.957
ad1116,20.8,29.4,41.346
qm200,20.8,33.9,62.981
qm150,20.8,32.9,58.173
qm37,14.66,24.66,68.213
qm38,17.93,22.66,26.38
qm151,17.93,30.34,69.214
qm152,18.62,20.68,11.063
qm159,17.24,26.2,51.972
qm162,17.93,32.41,80.759
qm164,20.68,28.96,40.039
qm169,17.93,18.62,3.848
e2400,15.86,20.68,30.391
qm200,18.5,35.9,94.054
qm200,18.5,30.7,65.946
qm150,19.6,33.0,68.367
qm150,19.6,33.0,68.367
qm37,14.9,18.7,25.503
qm37,14.9,18.7,25.503
e2519,14.9,18.4,23.49
qm30,14.9,19.8,32.886
qm37,14.9,18.7,25.503
qm37,14.9,18.7,25.503
e2400,14.9,19.2,28.859
e2400,14.9,19.2,28.859
qm37,16.1,18.0,11.801
qm37,16.1,18.0,11.801
e2519,16.1,17.3,7.453
qm30,16.1,19.3,19.876
qm37,16.1,18.0,11.801
e2400,16.1,19.7,22.36
qm37,22.0,24.6,11.818
qm37,22.0,24.6,11.818
e2519,14.9,18.4,23.49
qm38,14.9,20.4,36.913
e2400,14.9,19.2,28.859
e2519,14.9,18.4,23.49
e2519,8.5,8.6,1.176
tm2308,13.0,13.9,6.923
rh50,18.81,15.87,-15.63
rh50,19.26,16.95,-11.994
ok186,19.89,13.72,-31.021
tm1714,19.7,21.0,6.599
tm1714,18.9,20.1,6.349
qm150,22.56,30.29,34.264
qm150,21.24,25.24,18.832
qm150,22.44,26.1,16.31
qm150,22.44,26.1,16.31
qm150,21.89,25.09,14.619
qm150,21.89,25.09,14.619
qm150,22.56,18.18,-19.415
qm150,22.56,18.18,-19.415
qm150,22.56,18.18,-19.415
qm150,22.56,18.18,-19.415
qm150,21.4,18.87,-11.822
qm150,21.4,18.87,-11.822
qm150,21.4,18.87,-11.822
qm150,19.7,16.64,-15.533
gk138,19.42,19.64,1.133
gk138,19.42,19.64,1.133
fc21,13.87,10.72,-22.711
fc21,13.87,10.72,-22.711
qm150,17.15,13.73,-19.942
qm150,19.23,12.99,-32.449
qm150,17.0,14.0,-17.647
fc21,17.0,13.06,-23.176
e2519,17.0,21.0,23.529
wuIs156,18.0,20.2,12.222
n1162,18.8,18.18,-3.298
n1162,18.26,18.42,0.876
n1162,17.55,18.57,5.812
qm200,18.46,30.46,65.005
qm200,18.7,31.7,69.519
qm200,17.55,32.14,83.134
qm150,19.68,30.66,55.793
qm150,19.08,33.78,77.044
qm150,19.92,33.92,70.281
qm200,19.24,31.54,63.929
qm200,19.08,32.34,69.497
qm200,19.92,32.32,62.249
qm150,20.44,27.7,35.519
qm150,22.16,28.66,29.332
qm150,19.5,33.68,72.718
qm200,19.26,31.24,62.201
qm200,20.16,32.42,60.813
qm200,20.22,30.75,52.077
n1084n3082,20.19,18.6,-7.875
n1084n3082,20.48,19.1,-6.738
n1084n3082,20.74,18.96,-8.582
sv32,20.19,19.44,-3.715
sv32,20.48,19.92,-2.734
sv32,20.74,19.37,-6.606
n1084n3082,19.48,19.16,-1.643
n1084n3082,20.0,19.1,-4.5
n1084n3082,19.44,18.96,-2.469
sv32,20.08,21.44,6.773
sv32,21.08,21.74,3.131
sv32,19.08,20.34,6.604
mg306,12.56,13.49,7.404
mgDf47,25.47,15.97,-37.299
e1370,12.7,45.82,260.787
mg306,12.7,13.7,7.874
mg306,12.7,13.7,7.874
ut187,12.7,12.9,1.575
mg337,12.7,12.9,1.575
mg306,12.7,13.7,7.874
hx546,15.15,26.87,77.36
tm1108,15.15,15.44,1.914
tm1108,15.15,15.44,1.914
e2519,20.8,25.0,20.192
d465,19.7,26.3,33.503
e1370,21.9,34.1,55.708
e2519,19.7,25.1,27.411
d465,21.9,26.3,20.091
ak47,19.3,31.2,61.658
ak47,19.2,29.8,55.208
p811,10.8,14.8,37.037
ft1,12.5,23.6,88.8
ft4,12.5,26.3,110.4
p811,10.8,14.8,37.037
ak47,9.6,12.4,29.167
e1370,12.0,26.7,122.5
e1370,12.0,26.7,122.5
e246,22.0,39.0,77.273
e928,22.0,29.0,31.818
e1370,24.0,57.0,137.5
e1370,24.0,57.0,137.5
e928,24.0,35.0,45.833
m79,18.8,30.7,63.298
m86,18.8,24.5,30.319
p802,18.8,30.6,62.766
p813,18.8,41.6,121.277
p678,18.8,36.6,94.681
e1370,18.8,49.2,161.702
e1370,18.8,49.2,161.702
e1370,14.1,26.5,87.943
e1370,13.6,21.8,60.294
lg601,13.6,14.2,4.412
e1370,11.0,24.3,120.909
lg601,11.0,9.0,-18.182
e1370,11.0,24.3,120.909
e1370;lg601,11.0,38.3,248.182
lpIn1,17.6,19.1,8.523
e1370,17.6,44.0,150.0
ok525;ok393,14.9,34.2,129.53
nr2004,14.0,16.8,20.0
e1370,14.0,31.8,127.143
nr2004,14.0,16.4,17.143
pk1426,14.1,14.2,0.709
e1370,14.1,24.2,71.631
m26,14.1,14.3,1.418
m26;e1370,14.1,13.5,-4.255
pk1426,14.1,14.2,0.709
e1370,14.1,22.1,56.738
bn2;e1370,14.1,33.2,135.461
bn2;e1370,14.1,33.2,135.461
m577,17.6,23.3,32.386
e1370,17.6,18.4,4.545
e1369,17.6,24.6,39.773
e979,17.6,22.8,29.545
m577,17.6,33.8,92.045
m577,17.6,33.8,92.045
m577,17.6,33.8,92.045
m577,17.6,32.2,82.955
m577,17.6,32.2,82.955
m577,17.6,32.2,82.955
n179,8.9,11.9,33.708
e912,14.6,6.9,-52.74
n179,9.5,12.5,31.579
e1370,21.6,32.3,49.537
mu86,21.6,16.4,-24.074
e1370,18.3,48.2,163.388
e1370,18.3,48.2,163.388
qm150,18.3,32.8,79.235
qm150,18.3,32.8,79.235
qm30,18.3,19.3,5.464
qm30,18.3,19.3,5.464
mu86,18.3,10.8,-40.984
mu86,18.3,10.8,-40.984
e1368,19.3,23.8,23.316
mgDf47,16.3,14.6,-10.429
hx546,16.3,24.8,52.147
e1370,16.67,24.01,44.031
mu86,18.96,20.11,6.065
m184,18.96,20.05,5.749
pk298te,16.7,20.3,21.557
pk298te,16.7,20.3,21.557
pk349,16.7,16.8,0.599
pk298te,16.7,20.3,21.557
pk15,16.7,20.4,22.156
pkIs539,16.7,17.5,4.79
pk15,16.7,20.4,22.156
n1605,16.7,17.1,2.395
n1605,16.7,17.1,2.395
n1605,16.7,17.1,2.395
n1605,17.5,19.7,12.571
n1605,17.5,19.7,12.571
n1605,17.5,19.7,12.571
pk298te,17.5,20.3,16.0
n1605,17.5,17.1,-2.286
pkIs539,17.5,17.5,0.0
pk15,17.5,20.4,16.571
e1370,18.0,39.8,121.111
e1370,18.0,39.8,121.111
e1370,18.0,39.8,121.111
e1370;n1605,18.0,49.6,175.556
e1370,18.0,39.8,121.111
e1370;n1605,18.0,49.6,175.556
KD,19.1,23.9,25.131
KD,19.1,23.9,25.131
e1372,16.4,17.5,6.707
e1372,15.4,16.1,4.545
e1372,15.0,16.0,6.667
e1372,16.4,17.5,6.707
e1372,16.6,17.1,3.012
e1370,16.8,45.8,172.619
e1370,18.9,22.3,17.989
e1370,16.6,25.5,53.614
ad1113,14.9,19.3,29.53
ad1113,17.2,20.4,18.605
e1370,19.0,42.0,121.053
geIn3,18.2,21.2,16.484
e1370,18.2,42.3,132.418
lpEx21,18.9,22.2,17.46
lpEx22,18.9,24.4,29.101
e1370,18.2,40.8,124.176
hx546,18.2,22.8,25.275
bn2,11.6,10.0,-13.793
mgDf50,18.2,17.2,-5.495
m26,18.2,12.0,-34.066
qm30,18.2,20.9,14.835
ad465,18.2,24.3,33.516
h98;e61;e450,18.2,18.0,-1.099
ok306,11.6,17.1,47.414
ok306,18.2,28.8,58.242
ok306,18.2,28.8,58.242
ok306,18.2,28.8,58.242
bn2,11.6,10.0,-13.793
ad1116,17.2,22.0,27.907
ad1116,18.1,23.8,31.492
e1368,21.5,31.1,44.651
e1368,21.5,31.1,44.651
e1370,19.4,48.7,151.031
e1370,19.4,48.7,151.031
qm130,20.5,27.4,33.659
mu150,20.7,34.2,65.217
mu150,20.7,34.2,65.217
mu150,20.7,34.2,65.217
mu150,20.7,34.2,65.217
mu150,20.7,34.2,65.217
mu150,20.7,34.2,65.217
mu150,20.7,34.2,65.217
mu150,20.7,34.2,65.217
mu150,20.7,34.2,65.217
mu150,20.7,34.2,65.217
mu150,20.7,34.2,65.217
mu150,20.7,34.2,65.217
mu150,20.7,34.2,65.217
mu150,20.7,34.2,65.217
mu150,20.7,34.2,65.217
mu150,20.7,34.2,65.217
mu150,20.7,34.2,65.217
mu150,20.7,34.2,65.217
mu150,20.7,34.2,65.217
mu150,20.7,34.2,65.217
mu150,20.7,34.2,65.217
mu150,20.7,34.2,65.217
mu150,20.7,34.2,65.217
mu150,20.7,34.2,65.217
mu150,20.7,34.2,65.217
mu150,20.7,34.2,65.217
mu150,20.7,34.2,65.217
mu150,20.7,34.2,65.217
e2141ts,20.7,22.2,7.246
e2141ts,20.7,22.2,7.246
e2141ts,20.7,22.2,7.246
e2141ts,20.7,22.2,7.246
e2141ts,20.7,22.2,7.246
e2141ts,20.7,22.2,7.246
e2141ts,20.7,22.2,7.246
e2141ts,20.7,22.2,7.246
e2141ts,20.7,22.2,7.246
e2141ts,20.7,22.2,7.246
e2141ts,20.7,22.2,7.246
e2141ts,20.7,22.2,7.246
e2141ts,20.7,22.2,7.246
e2141ts,20.7,22.2,7.246
e2141ts,20.7,22.2,7.246
e2141ts,20.7,22.2,7.246
e2141ts,20.7,22.2,7.246
e2141ts,20.7,22.2,7.246
e2141ts,20.7,22.2,7.246
e2141ts,20.7,22.2,7.246
e2141ts,20.7,22.2,7.246
e2141ts,20.7,22.2,7.246
e2141ts,20.7,22.2,7.246
e2141ts,20.7,22.2,7.246
e2141ts,20.7,22.2,7.246
e2141ts,20.7,22.2,7.246
e2141ts,20.7,22.2,7.246
e2141ts,20.7,22.2,7.246
mu150,18.6,28.8,54.839
mu150,18.6,28.8,54.839
mu150,18.6,28.8,54.839
mu150,18.6,28.8,54.839
mu150,18.6,28.8,54.839
mu150,18.6,28.8,54.839
mu150,18.6,28.8,54.839
e2141ts,18.6,22.4,20.43
e2141ts,18.6,22.4,20.43
e2141ts,18.6,22.4,20.43
e2141ts,18.6,22.4,20.43
e2141ts,18.6,22.4,20.43
e2141ts,18.6,22.4,20.43
e2141ts,18.6,22.4,20.43
e1370,14.7,36.7,149.66
e1370,14.7,36.7,149.66
e1370,14.7,36.7,149.66
e1370,14.7,36.7,149.66
e1370,14.7,36.7,149.66
e1370,14.7,36.7,149.66
e1370,14.7,36.7,149.66
e1370,14.7,36.7,149.66
e1370,14.7,36.7,149.66
e1370,14.7,36.7,149.66
e1370,14.7,36.7,149.66
e1370,14.7,36.7,149.66
e1370,14.7,36.7,149.66
e1370,14.7,36.7,149.66
e1370,14.7,36.7,149.66
e1370,14.7,36.7,149.66
e1370,14.7,36.7,149.66
e1370,14.7,36.7,149.66
e1370,14.7,36.7,149.66
e1370,14.7,36.7,149.66
e1370,14.7,36.7,149.66
e1370,14.7,36.7,149.66
e1370,14.7,36.7,149.66
e1370,14.7,36.7,149.66
e1370,14.7,36.7,149.66
e1370,14.7,36.7,149.66
e1370,14.7,36.7,149.66
e1370,14.7,36.7,149.66
e1370,14.7,36.7,149.66
e1370,14.7,36.7,149.66
e1370,14.7,36.7,149.66
e1370,14.7,36.7,149.66
e1370,14.7,36.7,149.66
e1370,14.7,36.7,149.66
e1370,14.7,36.7,149.66
e1370,14.7,36.7,149.66
e1370,14.7,36.7,149.66
e1370,14.7,36.7,149.66
e1370,14.7,36.7,149.66
e1370,14.7,36.7,149.66
e1370,14.7,36.7,149.66
e1370;mgDf47,14.7,10.1,-31.293
e1370;mgDf47,14.7,10.1,-31.293
e1370;mgDf47,14.7,10.1,-31.293
e1370;mgDf47,14.7,10.1,-31.293
e1370;mgDf47,14.7,10.1,-31.293
e1370;mgDf47,14.7,10.1,-31.293
e1370;mgDf47,14.7,10.1,-31.293
e1370;mgDf47,14.7,10.1,-31.293
e1370;mgDf47,14.7,10.1,-31.293
e1370;mgDf47,14.7,10.1,-31.293
e1370;mgDf47,14.7,10.1,-31.293
e1370;mgDf47,14.7,10.1,-31.293
e1370;mgDf47,14.7,10.1,-31.293
e1370;mgDf47,14.7,10.1,-31.293
e1370;mgDf47,14.7,10.1,-31.293
e1370;mgDf47,14.7,10.1,-31.293
e1370;mgDf47,14.7,10.1,-31.293
e1370;mgDf47,14.7,10.1,-31.293
e1370;mgDf47,14.7,10.1,-31.293
e1370;mgDf47,14.7,10.1,-31.293
e1370;mgDf47,14.7,10.1,-31.293
e1370;mgDf47,14.7,10.1,-31.293
e1370;mgDf47,14.7,10.1,-31.293
e1370;mgDf47,14.7,10.1,-31.293
e1370;mgDf47,14.7,10.1,-31.293
e1370;mgDf47,14.7,10.1,-31.293
e1370;mgDf47,14.7,10.1,-31.293
e1370;mgDf47,14.7,10.1,-31.293
e1370;mgDf47,14.7,10.1,-31.293
e1370;mgDf47,14.7,10.1,-31.293
e1370;mgDf47,14.7,10.1,-31.293
e1370;mgDf47,14.7,10.1,-31.293
e1370;mgDf47,14.7,10.1,-31.293
e1370;mgDf47,14.7,10.1,-31.293
e1370;mgDf47,14.7,10.1,-31.293
e1370;mgDf47,14.7,10.1,-31.293
e1370;mgDf47,14.7,10.1,-31.293
e1370;mgDf47,14.7,10.1,-31.293
e1370;mgDf47,14.7,10.1,-31.293
e1370;mgDf47,14.7,10.1,-31.293
e1370,14.7,36.7,149.66
e1370,14.7,36.7,149.66
e1370,14.7,36.7,149.66
e1370,14.7,36.7,149.66
e1370,14.7,36.7,149.66
e1370,14.7,36.7,149.66
e1370;mgDf47,14.7,10.1,-31.293
e1370;mgDf47,14.7,10.1,-31.293
e1370;mgDf47,14.7,10.1,-31.293
e1370;mgDf47,14.7,10.1,-31.293
e1370;mgDf47,14.7,10.1,-31.293
e1370;mgDf47,14.7,10.1,-31.293
e1370,14.7,36.7,149.66
e1370,14.7,36.7,149.66
e1370,14.7,36.7,149.66
e1370,14.7,36.7,149.66
e1370,14.7,36.7,149.66
e1370,14.7,36.7,149.66
e1370,14.7,36.7,149.66
e1370,14.7,36.7,149.66
e1370,14.7,36.7,149.66
e1370,14.7,36.7,149.66
e1370,14.7,36.7,149.66
e1370,14.7,36.7,149.66
e1370,14.7,36.7,149.66
e1370,14.7,36.7,149.66
e1370,14.7,36.7,149.66
e1370,14.7,36.7,149.66
e1370,14.7,36.7,149.66
e1370,14.7,36.7,149.66
e1370,14.7,36.7,149.66
e1370,14.7,36.7,149.66
e1370,14.7,36.7,149.66
e1370,14.7,36.7,149.66
e1370,14.7,36.7,149.66
e1370,14.7,36.7,149.66
e1370,14.7,36.7,149.66
e1370,14.7,36.7,149.66
e1370,14.7,36.7,149.66
e1370,14.7,36.7,149.66
e1370,14.7,36.7,149.66
e1370,14.7,36.7,149.66
e1370,14.7,36.7,149.66
e1370,14.7,36.7,149.66
e1370,14.7,36.7,149.66
e1370,14.7,36.7,149.66
e1370,14.7,36.7,149.66
e1370,14.7,36.7,149.66
e1370,14.7,36.7,149.66
e1370,14.7,36.7,149.66
e1370,14.7,36.7,149.66
e1370,14.7,36.7,149.66
e1370,14.7,36.7,149.66
e1370,14.7,36.7,149.66
e1370,14.7,36.7,149.66
e1370,14.7,36.7,149.66
e1370,14.7,36.7,149.66
e1370,14.7,36.7,149.66
e1370,14.7,36.7,149.66
e1370,14.7,36.7,149.66
e1370,14.7,36.7,149.66
e1370,14.7,36.7,149.66
e1370,14.7,36.7,149.66
e1370,14.7,36.7,149.66
e1370,14.7,36.7,149.66
e1370,14.7,36.7,149.66
e1370,14.7,36.7,149.66
e1370,14.7,36.7,149.66
e1370,14.7,36.7,149.66
e1370;mgDf47,14.7,10.1,-31.293
e1370;mgDf47,14.7,10.1,-31.293
e1370;mgDf47,14.7,10.1,-31.293
e1370;mgDf47,14.7,10.1,-31.293
e1370;mgDf47,14.7,10.1,-31.293
e1370;mgDf47,14.7,10.1,-31.293
e1370;mgDf47,14.7,10.1,-31.293
e1370;mgDf47,14.7,10.1,-31.293
e1370;mgDf47,14.7,10.1,-31.293
e1370;mgDf47,14.7,10.1,-31.293
e1370;mgDf47,14.7,10.1,-31.293
e1370;mgDf47,14.7,10.1,-31.293
e1370;mgDf47,14.7,10.1,-31.293
e1370;mgDf47,14.7,10.1,-31.293
e1370;mgDf47,14.7,10.1,-31.293
e1370;mgDf47,14.7,10.1,-31.293
e1370;mgDf47,14.7,10.1,-31.293
e1370;mgDf47,14.7,10.1,-31.293
e1370;mgDf47,14.7,10.1,-31.293
e1370;mgDf47,14.7,10.1,-31.293
e1370;mgDf47,14.7,10.1,-31.293
e1370;mgDf47,14.7,10.1,-31.293
e1370;mgDf47,14.7,10.1,-31.293
e1370;mgDf47,14.7,10.1,-31.293
e1370;mgDf47,14.7,10.1,-31.293
e1370;mgDf47,14.7,10.1,-31.293
e1370;mgDf47,14.7,10.1,-31.293
e1370;mgDf47,14.7,10.1,-31.293
e1370;mgDf47,14.7,10.1,-31.293
e1370;mgDf47,14.7,10.1,-31.293
e1370;mgDf47,14.7,10.1,-31.293
e1370;mgDf47,14.7,10.1,-31.293
e1370;mgDf47,14.7,10.1,-31.293
e1370;mgDf47,14.7,10.1,-31.293
e1370;mgDf47,14.7,10.1,-31.293
e1370;mgDf47,14.7,10.1,-31.293
e1370;mgDf47,14.7,10.1,-31.293
e1370;mgDf47,14.7,10.1,-31.293
e1370;mgDf47,14.7,10.1,-31.293
e1370;mgDf47,14.7,10.1,-31.293
e1370;mgDf47,14.7,10.1,-31.293
e1370;mgDf47,14.7,10.1,-31.293
e1370;mgDf47,14.7,10.1,-31.293
e1370;mgDf47,14.7,10.1,-31.293
e1370;mgDf47,14.7,10.1,-31.293
e1370;mgDf47,14.7,10.1,-31.293
e1370;mgDf47,14.7,10.1,-31.293
e1370;mgDf47,14.7,10.1,-31.293
e1370;mgDf47,14.7,10.1,-31.293
e1370;mgDf47,14.7,10.1,-31.293
e1370;mgDf47,14.7,10.1,-31.293
e1370;mgDf47,14.7,10.1,-31.293
e1370;mgDf47,14.7,10.1,-31.293
e1370;mgDf47,14.7,10.1,-31.293
e1370;mgDf47,14.7,10.1,-31.293
e1370;mgDf47,14.7,10.1,-31.293
e1370;mgDf47,14.7,10.1,-31.293
e1370,14.7,36.7,149.66
e1370,14.7,36.7,149.66
e1370;mgDf47,14.7,10.1,-31.293
e1370;mgDf47,14.7,10.1,-31.293
mgDf47,14.8,13.6,-8.108
e1370,16.2,39.4,143.21
mg305,19.4,41.7,114.948
sa709,14.4,21.1,46.528
mg306,15.7,21.8,38.854
ok1744;pk1426,17.4,20.1,15.517
ok1744;pk1426,17.4,20.1,15.517
ok1744;pk1426,17.4,20.1,15.517
e1370,22.7,45.7,101.322
e1370,22.7,45.7,101.322
e1370;sj134,22.7,57.3,152.423
e1370,22.7,45.7,101.322
mg450,13.37,10.3,-22.962
mg451,13.37,11.24,-15.931
mg450,13.37,10.3,-22.962
mg451,13.37,11.24,-15.931
sa307,20.0,20.8,4.0
mu86,20.0,15.1,-24.5
zu67,20.0,15.4,-23.0
e1370,20.0,32.5,62.5
tm783,17.7,17.3,-2.26
tm783,17.7,17.3,-2.26
tm783,17.7,17.3,-2.26
tm783,17.7,17.3,-2.26
ok1030,17.7,27.2,53.672
ok1030,17.7,27.2,53.672
ok1030,17.7,27.2,53.672
tm760,17.7,17.1,-3.39
ok1030;gk101,17.7,26.8,51.412
tm760;tm1246,17.7,20.0,12.994
tm760;tm1246,17.7,20.0,12.994
e1370,17.7,60.8,243.503
qm30,17.7,29.1,64.407
qm150,17.7,42.3,138.983
ad1116,17.7,36.9,108.475
e2141,17.7,32.1,81.356
ia04;ok1255,14.0,17.0,21.429
sa307;ok1255,14.0,14.2,1.429
sa307;ad1116,14.6,15.0,2.74
v33;ia04,14.4,9.2,-36.111
ok1255;e1370,12.5,69.3,454.4
ok1255;e1370,12.7,70.0,451.181
mgDf47;e1370;ok1255,12.5,11.2,-10.4
mgDf47;e1370;ok1255,12.7,11.8,-7.087
ok1255;e1370,13.6,50.5,271.324
ok1255;e1370,12.8,50.0,290.625
ok1255;e1370,12.8,58.7,358.594
ok1255;e1370,13.0,53.4,310.769
ok524;ok1255,12.8,9.7,-24.219
ok524;ok1255,13.0,9.0,-30.769
ok524;e1370,12.8,22.5,75.781
ok524;e1370,13.0,18.6,43.077
ok524;e1370;ok1255,12.8,26.6,107.812
ok524;e1370;ok1255,13.0,22.6,73.846
ok1255;e1370,12.8,62.8,390.625
ok1255;e1370,13.0,61.6,373.846
ar202; ok1255,12.8,11.7,-8.594
ar202; ok1255,13.0,10.1,-22.308
ar202;e1370,12.8,37.3,191.406
ar202;e1370,13.0,38.2,193.846
ar202;e1370;ok1255,12.8,40.1,213.281
ar202;e1370;ok1255,13.0,43.5,234.615
tm1011;e2141ts,13.5,11.5,-14.815
tm1011;e2141ts,16.5,12.5,-24.242
tm1452;e1368,16.7,31.3,87.425
ad465;tm1818,20.96,22.73,8.445
ad465;tm1818,20.96,21.23,1.288
ad465;tm1818,20.96,20.48,-2.29
e1370;zc12,14.9,36.6,145.638
e1370;ok799,14.9,20.2,35.57
e1370;ok799,19.5,33.8,73.333
e1370;zc12,21.4,24.4,14.019
e1370;zc12,21.4,28.5,33.178
e1370;zc12,16.5,36.6,121.818
e1370;ok799,16.5,19.9,20.606
e1370;zc12,17.5,30.1,72.0
e1370;ok799,17.5,22.2,26.857
e1368;zc12,17.5,23.6,34.857
e1368;ok799,17.5,16.0,-8.571
e1368;zc12,21.4,22.9,7.009
e1368;zc12,14.9,22.3,49.664
e1368;ok799,14.9,16.0,7.383
e1370;ok551,19.8,42.7,115.657
e1370;ok275,16.4,42.9,161.585
e1370;ok275,19.6,49.6,153.061
e1368;ok275,19.6,31.9,62.755
e1370;ok275,18.2,50.3,176.374
qm150;ok799,14.9,19.1,28.188
qm150;ok799,14.9,21.1,41.611
qm150;ok799,17.5,21.8,24.571
ad1116;ok799,21.4,18.4,-14.019
ad1116;ok799,17.5,19.7,12.571
e1368;zu67,20.44,22.63,10.714
e1368;zu129,20.44,22.25,8.855
e1368;zu135,20.44,19.83,-2.984
e1370;zu67,20.44,38.6,88.845
e1370;zu129,20.44,27.64,35.225
e1370;zu135,20.44,33.16,62.231
e1368;mg54,18.5,16.4,-11.351
e1368;tm5030,18.5,20.8,12.432
e1368;tm5032,18.5,19.9,7.568
e1370;zu67,26.5,18.5,-30.189
e1370;zu67,22.1,17.7,-19.91
e1370;zu67,21.5,15.3,-28.837
e1370;zu129,29.2,18.1,-38.014
e1370;zu135,24.9,20.3,-18.474
m596;zu135,26.6,17.5,-34.211
e1370;zu135,26.7,18.5,-30.712
e1370;zu129,22.3,20.6,-7.623
e1370;zu135,22.3,19.0,-14.798
e1370;zu135,19.8,29.4,48.485
m596;zu135,25.7,17.1,-33.463
m596;zu135,23.7,33.8,42.616
e1368;zu67,22.1,16.7,-24.434
e1370;zu67,27.0,21.3,-21.111
e1370;zu67,23.9,30.1,25.941
tm3188;mg306,14.1,25.5,80.851
tm3188;mg306,14.7,28.3,92.517
tm3188;ok393,14.7,25.7,74.83
tm3188;mg455,14.7,10.6,-27.891
mg306;mg455,14.7,11.0,-25.17
tm3188;e2141,15.8,49.7,214.557
tm3188;e2141,18.3,40.4,120.765
tm3188;mg344,15.3,21.8,42.484
tm3188;mg344,18.3,19.8,8.197
tm3188;ok393,15.0,24.3,62.0
tm3188;mg455,15.0,12.9,-14.0
mg306;mg455,15.0,14.2,-5.333
mg306;ok393,15.0,48.1,220.667
mg338;mgDf47,14.0,11.1,-20.714
tm3188;mg337,14.6,21.1,44.521
tm3188;mg337,18.6,21.7,16.667
tm3188;mg329,15.3,22.5,47.059
tm3188;mg329,16.5,22.6,36.97
tm3188;tm2447,14.7,15.1,2.721
tm3188;tm2447,14.9,13.1,-12.081
m577;ok524,20.0,17.2,-14.0
e1368;ok524,20.0,25.1,25.5
e1370;ok524,20.0,29.4,47.0
mu86;ok524,20.0,14.6,-27.0
e1368;it47ts,19.4,24.7,27.32
e1370;vp1,18.1,20.0,10.497
ft15;mu86,25.1,17.6,-29.88
mg306;mu86,25.1,15.3,-39.044
ft15;mu86,20.7,13.1,-36.715
mg306;mu86,20.7,13.5,-34.783
ft15;mu86,16.6,13.3,-19.88
mg306;ft15,20.3,24.5,20.69
pk924;ft15,18.7,22.0,17.647
pk924;ok538,18.7,11.2,-40.107
pk924;mg455,18.7,11.5,-38.503
cg116;ok2916,19.0,28.1,47.895
cg116;ok2916,18.2,29.2,60.44
cg116;ok3235,19.5,29.2,49.744
cg116;ok3235,17.1,27.9,63.158
hx546;b26;m26,12.0,13.0,8.333
e1370;e1375,12.0,13.0,8.333
e1370;e1375,19.0,16.0,-15.789
hx546;b26;e1375,12.0,12.0,0.0
e1370;m25,19.0,50.0,163.158
hx546;b26;e1370,14.0,29.0,107.143
hx546;b26;e1370,25.0,49.0,96.0
ad609;ok769,14.69,20.24,37.781
ad609;ok769,14.31,23.61,64.99
ad609;ok769,14.89,22.54,51.377
ad609;ok769,14.39,20.06,39.402
ok769;ad609;ks28,14.69,15.65,6.535
ok769;ad609;ks28,14.31,13.26,-7.338
ok769;ad609;ks28,14.89,13.88,-6.783
ok769;ad609;ks28,14.39,15.0,4.239
215F;ok769,13.73,21.21,54.479
215F;ok769,13.44,19.55,45.461
215F;ok769,14.43,18.03,24.948
215F;ok769,13.44,17.95,33.557
215F;ok769,13.73,17.86,30.08
ad609;ok769,13.76,19.26,39.971
ad609;ok769,13.32,18.43,38.363
ad609;ok769,12.57,22.46,78.679
ad609;ok769,16.34,22.46,37.454
ad609;ok769,15.36,18.43,19.987
ad609;ok769,15.43,19.26,24.822
ad609;ok232,13.76,12.73,-7.485
ad609;ok232,13.32,14.47,8.634
ad609;ok232,12.57,13.89,10.501
ad609;ok232,16.34,13.12,-19.706
ad609;ok232,15.36,10.4,-32.292
ok769;ad609;ok232,13.76,10.06,-26.89
ok769;ad609;ok232,13.32,11.55,-13.288
ok769;ad609;ok232,12.57,10.59,-15.752
ad609;ok769,10.36,15.79,52.413
ad609;ok769,11.54,14.0,21.317
ad609;ok769,12.38,15.38,24.233
ad609;ok769,14.73,14.69,-0.272
ad609;ok769,13.53,14.69,8.574
ad609;ok769,14.15,14.95,5.654
ad609;ok769,19.74,20.53,4.002
ad609;ok769,20.49,22.45,9.566
ad609;ok769,21.8,21.67,-0.596
ad609;ok769,17.53,20.73,18.254
ad609;ok769,18.19,20.52,12.809
ad609;ok769,20.73,17.6,-15.099
ad609;ok769,13.85,18.69,34.946
ad609;ok769,13.51,18.65,38.046
ad609;ok769,13.26,18.81,41.855
ok769;ad609;mu86,13.85,15.05,8.664
ok769;ad609;mu86,13.51,15.24,12.805
ok769;ad609;mu86,13.26,14.48,9.201
ad609;mu86,13.85,16.03,15.74
ad609;mu86,13.51,13.86,2.591
ad609;mu86,13.26,14.0,5.581
mu86;ad609;ok769,13.85,15.05,8.664
mu86;ad609;ok769,13.51,15.24,12.805
mu86;ad609;ok769,13.26,14.48,9.201
e1370;ad609,13.85,31.74,129.17
e1370;ad609,13.51,33.86,150.629
e1370;ad609,13.26,25.06,88.989
e1370;ok769;ad609,13.85,34.29,147.581
e1370;ok769;ad609,13.51,28.43,110.437
e1370;ok769;ad609,13.26,21.5,62.142
ad609;ok769,14.69,22.13,50.647
ad609;ok769,15.41,23.08,49.773
ad609;ok769,14.03,21.97,56.593
ad609;ok769,13.67,20.59,50.622
ad609;ok769,13.48,22.1,63.947
ad609;ia4,14.69,12.23,-16.746
ad609;ia4,14.21,11.0,-22.59
ad609;ia4,13.27,10.28,-22.532
ok769;ad609;ia4,14.69,12.03,-18.108
ok769;ad609;ia4,14.21,11.74,-17.382
ok769;ad609;ia4,13.27,10.0,-24.642
ad609;sa307,13.48,10.85,-19.51
ad609;sa307,15.41,10.95,-28.942
ad609;sa307,14.03,9.84,-29.865
ok769;ad609;sa307,13.48,21.74,61.276
ok769;ad609;sa307,15.41,23.16,50.292
ok769;ad609;sa307,14.03,17.81,26.942
e1370;mu86,31.0,25.0,-19.355
e1370;we3,31.0,31.0,0.0
ok525;ok393,14.7,17.5,19.048
xuEx601;mgDf47,18.7,15.8,-15.508
xuEx606;mgDf47,18.7,16.0,-14.439
xuEx601;mgDf47,22.8,20.2,-11.404
mgDf47;xuEx913,19.8,14.6,-26.263
mgDf47;xuEx916,19.8,15.1,-23.737
mgDf47;xuEx913,19.9,17.2,-13.568
mgDf47;xuEx916,19.9,16.7,-16.08
ok538;xuEx601,19.6,15.8,-19.388
ok538;xuEx913,19.6,15.7,-19.898
ok538;xuEx601,19.7,18.7,-5.076
ok538;xuEx913,19.7,17.5,-11.168
xuEx1266;mgDf47,20.4,17.7,-13.235
xuEx1266;mgDf47,19.8,13.8,-30.303
oy21;xuEx601,15.35,24.28,58.176
oy21;xuEx619,15.35,22.85,48.86
n498;n1186;xuEx601,19.65,22.41,14.046
ok999;xuEx913,18.66,25.33,35.745
ok999;ok328,27.18,22.81,-16.078
ok999;ok328,20.0,16.0,-20.0
ok999;ok328,14.37,13.95,-2.923
mg306;xuEx601,20.66,28.0,35.528
ok393;xuEx601,18.18,28.78,58.306
gk-7;xuEx601,19.33,18.88,-2.328
ok999;xuEx1266,20.55,25.27,22.968
ok328;xuEx1266,20.55,25.27,22.968
e1370;ok999,21.09,36.72,74.111
e1370;xuEx601,21.09,45.81,117.212
bp283;mu86,17.3,12.1,-30.058
bp283;e1370,17.3,36.7,112.139
bp283;e1370;mu86,17.3,13.1,-24.277
e1406;e1376,20.9,37.5,79.426
e1406;m26,23.9,26.9,12.552
e1406;m20,22.8,23.9,4.825
m81; e1282;e1370; e1282,12.6,31.4,149.206
m81; e1282;mgDf47; e1282,12.6,10.0,-20.635
e1370;tm1516,20.0,28.0,40.0
tm1530;e1370,20.0,65.0,225.0
ad465;tm1516,20.0,18.8,-6.0
ad465;tm1530,20.0,30.0,50.0
tm1978;e2141,14.4,17.7,22.917
tm1978;e2141,16.0,16.7,4.375
tm1978;e2141,19.2,17.6,-8.333
tm1978;e2141,17.6,16.6,-5.682
qm30;ia4,16.3,15.5,-4.908
qm150;ia4,14.4,15.9,10.417
qm30;ok161,16.3,23.0,41.104
qm150;ok161,14.4,23.6,63.889
qm30;sa307,14.4,19.0,31.944
qm150;sa307,16.3,22.6,38.65
m79;ok1387,11.3,21.1,86.726
m79;ok1387,12.1,21.8,80.165
n1540;ok1387,10.5,15.2,44.762
n1540;ok1387,11.8,13.8,16.949
n1540;ok1387,13.8,15.7,13.768
n1540;ok1387,12.8,14.8,15.625
e1370;ok1387,11.6,36.7,216.379
e1370;ok1387,11.8,24.4,106.78
mu86;ok1387,11.7,11.8,0.855
ok524;ok1387,11.2,13.8,23.214
sy441;ok1387,11.0,8.2,-25.455
km25;ok1387,12.4,14.2,14.516
sa191;m26,20.7,14.0,-32.367
sa191;m20,20.7,20.0,-3.382
tm1907;tm339,11.77,13.54,15.038
tm339;e1370,16.0,28.0,75.0
tm339;e1370,10.0,31.6,216.0
ok161;ia4,22.8,22.0,-3.509
nr2037;e1370,8.5,8.3,-2.353
nr2037;e1370,12.7,11.1,-12.598
sa680;m27,17.0,15.0,-11.765
sc13; mg44;m27,12.0,14.0,16.667
sc13; mg44;mg144,12.0,22.0,83.333
ok1207;ok1474,15.9,15.5,-2.516
ok1207;e1370,15.9,21.6,35.849
ok1474;e1370,15.9,13.2,-16.981
ok1207;mu86,15.9,14.8,-6.918
ok1474;mu86,15.9,12.8,-19.497
ok1207;hx546,15.9,24.7,55.346
ok1474;hx546,15.9,15.9,0.0
ok1207;ok538,15.9,26.2,64.78
ok1474;ok538,15.9,16.6,4.403
ok1207;mg142,15.9,18.7,17.61
ok1207;mg144,15.9,19.8,24.528
e2141ts;nr2041,21.6,14.1,-34.722
e1368;nr2041,16.9,29.5,74.556
e1368;nr2041,22.5,26.8,19.111
e1368;nr2041,22.5,21.2,-5.778
e1370;nr2041,16.9,42.4,150.888
e1370;nr2041,22.5,49.2,118.667
e1370;nr2041,17.9,34.3,91.62
e2141ts;nr2041,21.6,14.1,-34.722
ky10;ak47,22.3,28.7,28.7
ok198;hx546,14.2,17.5,23.239
ok198;e1368,14.3,20.2,41.259
ok198;gk7,14.2,10.9,-23.239
ok198;km2,12.0,8.1,-32.5
ok198;ks54,12.7,8.7,-31.496
pk924;ok434,14.3,17.0,18.881
pk924;mgDf47,14.3,8.7,-39.161
pk924;ok434,13.9,18.0,29.496
pk924;mgDf47,13.9,8.6,-38.129
pk924;ok434,14.4,20.6,43.056
pk924;ok434,14.4,18.3,27.083
pk924;ok434,14.4,21.2,47.222
pk924;ok434,14.4,20.4,41.667
pk924;mgDf47,14.4,8.9,-38.194
pk924;ok434,14.5,17.4,20.0
pk924;ok434,14.5,18.8,29.655
pk924;ok434,14.5,19.3,33.103
pk924;ok434,14.5,18.2,25.517
pk924;mgDf47,14.5,10.0,-31.034
pk924;ok434,14.3,18.4,28.671
pk924;ok434,14.3,17.9,25.175
pk924;ok434,14.3,20.2,41.259
pk924;ok434,14.3,19.9,39.161
pk924;mgDf47,14.3,9.1,-36.364
pk924;n4426,15.8,18.9,19.62
pk924;n4426,15.8,19.2,21.519
pk924;n4426,15.1,18.8,24.503
pk924;n4426,15.1,19.4,28.477
pk924;n4426,15.5,19.1,23.226
ok524;pk1255,20.62,16.31,-20.902
e1370;mu86,15.1,13.0,-13.907
e1370;ok2710,15.1,36.4,141.06
e1370;mu86,16.1,12.2,-24.224
e1370;ok2710,16.1,39.0,142.236
sy441;tm1714,19.4,14.5,-25.258
sy441;tm1714,20.2,14.7,-27.228
tm1714;mu86,19.4,13.2,-31.959
tm1714;mu86,20.2,14.2,-29.703
tm1714;ok524,17.7,17.9,1.13
tm1714;ok524,17.8,12.8,-28.09
ok485;e1370,11.97,26.98,125.397
ad1116;rh50,17.08,15.83,-7.319
e1370;vp1,20.0,38.33,91.65
qm150;gk138,15.82,18.75,18.521
m577;tm5539,11.5,23.5,104.348
tm2658;m577,14.3,25.5,78.322
tm2658;m577,14.2,24.2,70.423
tm2658;m577,13.5,27.2,101.481
tm2658;m577,14.4,25.9,79.861
tm2658;m577,15.1,25.2,66.887
m577;tm5539,11.1,23.9,115.315
m577;tm5539,11.8,24.0,103.39
m577;tm5539,11.7,23.7,102.564
m577;tm5539,11.3,22.7,100.885
m577;tm5539,9.9,18.2,83.838
ms23;qm150; qm189,20.49,26.63,29.966
ms23;qm150; qm189,20.49,25.57,24.793
ms23;qm150; qm189,20.49,26.79,30.747
ms23;qm150; qm189,17.78,23.92,34.533
ms23;qm150; qm189,17.78,24.06,35.321
ms23;qm150; qm189,17.78,23.4,31.609
ms23;qm150; qm189,17.78,23.37,31.44
ms23;qm150; qm189,17.78,23.23,30.652
ms23;qm150; qm189,17.78,23.34,31.271
ms23;qm150; qm189,19.28,29.32,52.075
ms23;qm150; qm189,19.28,27.45,42.376
ms23;qm150; qm189,19.28,29.28,51.867
ms23;qm150; qm189,17.49,23.63,35.106
ms23;qm150; qm189,17.49,24.4,39.508
ms23;qm150; qm189,17.49,20.74,18.582
ms23;qm150; qm189,17.09,19.12,11.878
ms23;qm150; qm189,17.09,19.25,12.639
ms23;qm150; qm189,17.09,18.69,9.362
ms23;qm150,17.79,23.31,31.029
ms23;qm150,17.79,21.4,20.292
ms23;qm150,17.79,20.66,16.133
ms23;qm150,17.79,20.0,12.423
ms23;qm150,17.79,21.07,18.437
ms23;qm150,18.72,20.4,8.974
ms23;qm150,18.72,19.04,1.709
ms23;qm150,18.72,18.76,0.214
ms23;qm150,18.72,17.86,-4.594
ms23;qm150,18.72,21.24,13.462
ms23;qm150,16.76,23.95,42.9
ms23;qm150,16.76,22.57,34.666
ms23;qm150,15.61,19.01,21.781
ms23;qm150,15.61,18.47,18.322
mg306;mg348,13.0,13.25,1.923
mg306;ut187,13.0,13.5,3.846
mg306;mg227,13.0,15.0,15.385
mg306;mg329,13.0,13.25,1.923
ia4;ok161,18.04,21.5,19.18
ia4;ok161,16.88,21.64,28.199
ia4;ok161,18.67,21.51,15.212
ia4;ok161,20.13,21.21,5.365
ia4;ok161,17.99,21.53,19.678
ia4;ok161,22.46,25.93,15.45
ia4;ok161,24.45,25.6,4.703
ia4;ok161,22.39,23.9,6.744
ia4;ok161,21.19,25.06,18.263
ia4;ok161,26.0,25.49,-1.962
ia4;ok161,22.67,23.48,3.573
ia4;ok161,23.32,25.25,8.276
ia4;ok161,31.07,32.6,4.924
ia4;ok161,34.48,35.17,2.001
ia4;ok161,28.69,30.74,7.145
ia4;ok161,33.28,37.04,11.298
ia4;ok161,31.98,33.36,4.315
ia4;mu86,18.04,15.04,-16.63
ia4;mu86,18.65,15.49,-16.944
ia4;mu86,20.13,16.86,-16.244
ia4;mu86,18.73,15.51,-17.192
ia4;mu86,20.64,17.34,-15.988
ia4;mu86,21.19,18.82,-11.185
ia4;mu86,26.0,19.75,-24.038
ia4;mu86,22.67,18.67,-17.644
ia4;mu86,22.87,18.65,-18.452
ia4;mu86,31.07,29.67,-4.506
ia4;mu86,34.48,31.51,-8.614
ia4;mu86,28.69,30.19,5.228
ia4;mu86,33.28,30.38,-8.714
ia4;mu86,31.98,30.55,-4.472
mgDf47;ok559,13.1,11.0,-16.031
e1370;ok559,13.9,35.9,158.273
mgDf47;pk924,14.7,9.4,-36.054
e1370;pk924,14.7,40.4,174.83
mg44;ok559,13.4,26.7,99.254
e2141;pk924,13.6,21.4,57.353
ok1947;tm1978,20.0,21.0,5.0
e1370;ok434,17.1,46.4,171.345
e246;ok434,16.2,40.1,147.531
s69;ok434,17.6,27.0,53.409
e450;ok434,17.6,30.1,71.023
s69;mu86,17.6,21.6,22.727
e450;mu86,17.6,23.9,35.795
s69; mu86;ok434,17.6,18.6,5.682
e450;mu86;ok434,17.6,21.1,19.886
ad465;ok434,16.2,18.4,13.58
ad1113;ok434,18.2,18.6,2.198
p675;mu86,17.33,14.33,-17.311
p675;mu86,16.8,20.0,19.048
e1370;sy441,21.5,26.0,20.93
e1370;tm783;ok1030;tm760;gk101;tm1146,11.81,30.0,154.022
e1370;km25,20.52,26.31,28.216
e1370;ok1558;ok1733,21.33,51.33,140.647
e1370;mu86,21.57,14.73,-31.711
e1370;gk15,21.87,45.0,105.761
e1370;we3,21.66,26.11,20.545
e2519;e1370,15.9,35.0,120.126
e2519;e1370,32.6,52.3,60.429
qm200;ad1116,20.8,48.7,134.135
qm150;qm200,20.8,30.2,45.192
ad1116;qm150,20.8,45.9,120.673
e1370;qm37,14.66,54.0,268.349
e1370;qm38,17.93,40.0,123.09
e1370;qm151,17.93,40.0,123.09
e1370;qm152,18.62,34.48,85.177
e1370;qm159,17.24,41.37,139.965
e1370;qm162,17.93,41.37,130.731
e1370;qm164,20.68,48.96,136.75
e1370;qm169,17.93,32.41,80.759
e1370;e2400,15.86,34.48,117.402
e1370;qm200,18.5,47.3,155.676
e1370;qm200,18.5,48.9,164.324
qm150;qm189,22.5,34.5,53.333
e1370;qm150,19.6,42.3,115.816
qm150;qm189,19.6,32.8,67.347
m26;qm150,19.6,29.6,51.02
e2519;qm37,14.9,28.2,89.262
qm30;qm37,14.9,28.3,89.933
qm38;e2519,14.9,22.7,52.349
qm38;qm30,14.9,43.5,191.946
qm38;qm37,14.9,22.3,49.664
e2400;qm37,14.9,12.3,-17.45
qm38;e2400,14.9,15.9,6.711
hx546;b26;e2400,14.9,34.1,128.859
e2519;qm37,16.1,23.1,43.478
qm30;qm37,16.1,25.4,57.764
qm38;e2519,16.1,17.8,10.559
qm38;qm30,16.1,27.5,70.807
qm38;qm37,16.1,20.6,27.95
qm38;e2400,16.1,14.6,-9.317
e2519;qm37,22.0,34.5,56.818
qm30;qm37,22.0,30.3,37.727
m26;e2519,14.9,20.3,36.242
m26;qm38,14.9,19.2,28.859
m26;e2400,14.9,17.8,19.463
e1370;e2519,14.9,43.3,190.604
e1370;e2519,8.5,49.1,477.647
tm2416;tm2308,13.0,15.4,18.462
e1370;mu86,20.3,11.9,-41.379
e1370;mgDf47,14.7,10.1,-31.293
ad1116;rh50,18.81,17.48,-7.071
ad1116;rh50,19.26,18.18,-5.607
e1372;ok186,19.89,19.41,-2.413
e1370;tm1714,19.7,47.0,138.579
e1370;tm1714,18.9,49.4,161.376
gk138;qm150,22.56,26.33,16.711
gk138;qm150,21.24,23.83,12.194
gk138;qm150,22.44,25.88,15.33
gk138;qm150,22.44,26.52,18.182
gk138;qm150,21.89,23.81,8.771
gk138;qm150,21.89,25.77,17.725
gk138;qm150,22.56,20.97,-7.048
gk138;qm150,22.56,19.51,-13.52
gk138;qm150,22.56,22.2,-1.596
gk138;qm150,22.56,20.47,-9.264
gk138;qm150,21.4,22.12,3.364
gk138;qm150,21.4,21.95,2.57
gk138;qm150,21.4,23.87,11.542
gk138;qm150,19.7,20.91,6.142
fc21;gk138,19.42,16.06,-17.302
fc21;gk138,19.42,15.56,-19.876
gk138;fc21,13.87,16.95,22.206
gk138;fc21,13.87,16.35,17.88
gk138;qm150,17.15,15.78,-7.988
qm150;qm150,19.23,16.1,-16.277
gk138;qm150,17.0,19.83,16.647
gk138;fc21,17.0,16.53,-2.765
gk138;e2519,17.0,14.44,-15.059
qm200;gk138,17.0,17.57,3.353
mgDf50;wuIs156,18.0,15.3,-15.0
qm150;n1162,18.8,25.74,36.915
qm150;n1162,18.26,26.28,43.921
qm150;n1162,17.55,27.02,53.96
n1162;qm200,18.46,24.48,32.611
n1162;qm200,18.7,25.5,36.364
n1162;qm200,17.55,25.64,46.097
n1084n3082;qm150,19.68,31.74,61.28
n1084n3082;qm150,19.08,30.48,59.748
n1084n3082;qm150,19.92,31.72,59.237
n1084n3082;qm200,19.24,30.18,56.861
n1084n3082;qm200,19.08,30.1,57.757
n1084n3082;qm200,19.92,30.02,50.703
sv32;qm150,20.44,24.8,21.331
sv32;qm150,22.16,24.96,12.635
sv32;qm150,19.5,26.53,36.051
sv32;qm200,19.26,27.32,41.848
sv32;qm200,20.16,28.1,39.385
sv32;qm200,20.22,26.74,32.245
qm150;n1162;n1084n3082,20.19,26.39,30.708
qm150;n1162;n1084n3082,20.48,27.5,34.277
qm150;n1162;n1084n3082,20.74,27.72,33.655
qm150;n1162;sv32,20.19,26.32,30.362
qm150;n1162;sv32,20.48,26.16,27.734
qm150;n1162;sv32,20.74,25.98,25.265
qm200;n1162;n1084n3082,19.48,27.28,40.041
qm200;n1162;n1084n3082,20.0,26.38,31.9
qm200;n1162;n1084n3082,19.44,26.2,34.774
qm200;n1162;sv32,20.08,26.42,31.574
qm200;n1162;sv32,21.08,26.22,24.383
qm200;n1162;sv32,19.08,25.57,34.015
mg344;mg306,12.56,12.64,0.637
mg345;mgDf47,25.47,16.24,-36.239
mg344;e1370,12.7,50.85,300.394
mg344;mg306,12.7,13.0,2.362
mg348;mg306,12.7,13.1,3.15
mg306;ut187,12.7,12.7,0.0
mg306;mg337,12.7,13.0,2.362
mg329;mg306,12.7,12.8,0.787
tm1108;hx546,15.15,33.49,121.056
hx546;tm1108,15.15,37.76,149.241
e1370;tm1108,15.15,49.47,226.535
m26;e2519,20.8,23.5,12.981
m26;d465,19.7,23.6,19.797
d465;e1370,21.9,41.6,89.954
d465;e2519,19.7,27.5,39.594
qm30;d465,21.9,26.5,21.005
mgDf47;ak47,19.3,13.7,-29.016
mgDf47;ak47,19.2,14.8,-22.917
mgDf47;p811,10.8,4.3,-60.185
mgDf47;ft1,12.5,7.6,-39.2
mgDf47;ft4,12.5,7.7,-38.4
mgDf47;p811,10.8,4.3,-60.185
mgDf47;ak47,9.6,4.9,-48.958
m26;e1370,12.0,14.0,16.667
m20;e1370,12.0,41.4,245.0
m27;e246,22.0,20.0,-9.091
m27;e928,22.0,19.0,-13.636
e246;e1370,24.0,59.0,145.833
e928;e1370,24.0,47.0,95.833
e246;e928,24.0,43.0,79.167
mu86;m79,18.8,17.4,-7.447
mu86;m86,18.8,15.3,-18.617
mu86;p802,18.8,19.2,2.128
mu86;p813,18.8,18.7,-0.532
mu86;p678,18.8,17.3,-7.979
m79;e1370,18.8,37.2,97.872
p802;e1370,18.8,40.0,112.766
lg601;e1370,13.6,31.9,134.559
m26;lg601,13.6,9.3,-31.618
m26;e1370,11.0,10.9,-0.909
m26;lg601,11.0,7.4,-32.727
lg601;e1370,11.0,38.3,248.182
m26;e1370;lg601,11.0,9.8,-10.909
mu86;nr2004,14.0,11.4,-18.571
nr2004;e1370,14.0,31.7,126.429
gf;m577,17.6,13.8,-21.591
gf;e1370,17.6,18.0,2.273
gf;e1369,17.6,24.5,39.205
gf;e979,17.6,15.1,-14.205
rf;m577,17.6,23.8,35.227
rf;m577,17.6,29.8,69.318
rf;m577,17.6,27.4,55.682
rf;m577,17.6,27.4,55.682
rf;m577,17.6,29.6,68.182
rf;m577,17.6,25.7,46.023
e912;n179,9.5,9.0,-5.263
tm1724;e1370,16.67,24.64,47.81
tm1724;mu86,18.96,19.95,5.222
tm1724;m184,18.96,24.15,27.373
n1605;pk298te,16.7,20.3,21.557
pkIs539;pk298te,16.7,20.9,25.15
pk298te;pk349,16.7,17.9,7.186
pk15;pk298te,16.7,20.3,21.557
n1605;pk15,16.7,21.3,27.545
pk15;pkIs539,16.7,16.9,1.198
pk349;pk15,16.7,21.5,28.743
pkls539;n1605,16.7,25.8,54.491
pkIs540;n1605,16.7,24.3,45.509
pk349;n1605,16.7,14.8,-11.377
pkls539;n1605,17.5,34.7,98.286
pkIs540;n1605,17.5,25.4,45.143
pk349;n1605,17.5,17.2,-1.714
mu86;pk298te,17.5,17.8,1.714
mu86;n1605,17.5,13.6,-22.286
mu86;pkIs539,17.5,14.2,-18.857
mu86;pk15,17.5,19.0,8.571
pk15;e1370,18.0,37.9,110.556
n1605;e1370,18.0,49.6,175.556
pkls539;e1370,18.0,33.9,88.333
pkls539;e1370;n1605,18.0,44.5,147.222
pk349;e1370,18.0,47.3,162.778
pk349;e1370;n1605,18.0,48.6,170.0
KD;KD,19.1,15.7,-17.801
KD;KD,19.1,22.7,18.848
mgDf90;e1372,16.4,14.9,-9.146
mgDf90;e1372,15.4,15.5,0.649
mu86;e1372,15.0,13.0,-13.333
mu86;e1372,16.4,13.0,-20.732
mgDf90;e1370,16.8,46.6,177.381
m26;e1370,19.0,17.0,-10.526
ok1744;mgDf47,14.8,13.7,-7.432
ok1744;e1370,16.2,40.1,147.531
ok1744;mg305,19.4,69.6,258.763
ok1744;sa709,14.4,21.7,50.694
ok1744;mg306,15.7,14.8,-5.732
sj134;e1370,22.7,57.3,152.423
sj173;e1370,22.7,41.0,80.617
sj173;e1370;sj134,22.7,56.3,148.018
gk101;e1370,22.7,63.7,180.617
mg306;mg450,13.37,21.62,61.705
mg306;mg451,13.37,22.7,69.783
mgDf47;mg450,13.37,6.78,-49.289
mgDf47;mg451,13.37,6.8,-49.14
ia04;sa307,20.0,19.2,-4.0
ia04;mu86,20.0,14.8,-26.0
ia04;zu67,20.0,14.8,-26.0
ia04;e1370,20.0,34.0,70.0
ok1030;tm783,17.7,29.3,65.537
tm760;tm783,17.7,21.0,18.644
gk101;tm783,17.7,17.5,-1.13
tm1246;tm783,17.7,18.2,2.825
tm760;ok1030,17.7,25.1,41.808
gk101;ok1030,17.7,26.8,51.412
tm1246;ok1030,17.7,24.6,38.983
tm1246;tm760,17.7,20.0,12.994
tm783;ok1030;gk101,17.7,23.3,31.638
tm783;tm760;tm1246,17.7,18.9,6.78
ok1030;tm760;tm1246,17.7,20.3,14.689
ok1030;e1370,17.7,63.5,258.757
ok1030;qm30,17.7,43.7,146.893
ok1030;qm150,17.7,16.9,-4.52
ok1030;ad1116,17.7,41.0,131.638
ok1030;e2141,17.7,38.4,116.949
